Indicator,Baseline,Term_1,Term_2,Term_3,Annual_Result,Evidence_Source,Interpretation,Next_Action
Certification score,,,,,,,,
Garden weeks delivered,,,,,,,,
Learners participating,,,,,,,,
Practical competence secure,,,,,,,,
Investigation/data competence secure,,,,,,,,
Mission problem-solving secure,,,,,,,,
Assessment completion,,,,,,,,
Passport completion,,,,,,,,
Gardens operational,,,,,,,,
Water reliability,,,,,,,,
Safety incidents,,,,,,,,
Corrective actions closed,,,,,,,,
Teacher delivery score,,,,,,,,
