Garden_ID,Check_Item,Status,Finding,Corrective_Action,Owner,Verified_Date
GD-01,Dimensions/set-out verified,,,,,
GD-01,Paths clear and stable,,,,,
GD-01,Beds/containers stable,,,,,
GD-01,Vertical structures anchored,,,,,
GD-01,Tank/water point stable,,,,,
GD-01,Irrigation tested,,,,,
GD-01,Drainage works,,,,,
GD-01,No sharp/protruding hazards,,,,,
GD-01,Growing medium acceptable,,,,,
GD-01,Labels installed,,,,,
GD-01,Tool storage ready,,,,,
GD-01,Learning station usable,,,,,
GD-01,Accessibility adaptations complete,,,,,
GD-01,Electrical/sensor enclosure protected where applicable,,,,,
GD-01,Final safety inspection complete,,,,,
GD-02,Dimensions/set-out verified,,,,,
GD-02,Paths clear and stable,,,,,
GD-02,Beds/containers stable,,,,,
GD-02,Vertical structures anchored,,,,,
GD-02,Tank/water point stable,,,,,
GD-02,Irrigation tested,,,,,
GD-02,Drainage works,,,,,
GD-02,No sharp/protruding hazards,,,,,
GD-02,Growing medium acceptable,,,,,
GD-02,Labels installed,,,,,
GD-02,Tool storage ready,,,,,
GD-02,Learning station usable,,,,,
GD-02,Accessibility adaptations complete,,,,,
GD-02,Electrical/sensor enclosure protected where applicable,,,,,
GD-02,Final safety inspection complete,,,,,
GD-03,Dimensions/set-out verified,,,,,
GD-03,Paths clear and stable,,,,,
GD-03,Beds/containers stable,,,,,
GD-03,Vertical structures anchored,,,,,
GD-03,Tank/water point stable,,,,,
GD-03,Irrigation tested,,,,,
GD-03,Drainage works,,,,,
GD-03,No sharp/protruding hazards,,,,,
GD-03,Growing medium acceptable,,,,,
GD-03,Labels installed,,,,,
GD-03,Tool storage ready,,,,,
GD-03,Learning station usable,,,,,
GD-03,Accessibility adaptations complete,,,,,
GD-03,Electrical/sensor enclosure protected where applicable,,,,,
GD-03,Final safety inspection complete,,,,,
GD-04,Dimensions/set-out verified,,,,,
GD-04,Paths clear and stable,,,,,
GD-04,Beds/containers stable,,,,,
GD-04,Vertical structures anchored,,,,,
GD-04,Tank/water point stable,,,,,
GD-04,Irrigation tested,,,,,
GD-04,Drainage works,,,,,
GD-04,No sharp/protruding hazards,,,,,
GD-04,Growing medium acceptable,,,,,
GD-04,Labels installed,,,,,
GD-04,Tool storage ready,,,,,
GD-04,Learning station usable,,,,,
GD-04,Accessibility adaptations complete,,,,,
GD-04,Electrical/sensor enclosure protected where applicable,,,,,
GD-04,Final safety inspection complete,,,,,
GD-05,Dimensions/set-out verified,,,,,
GD-05,Paths clear and stable,,,,,
GD-05,Beds/containers stable,,,,,
GD-05,Vertical structures anchored,,,,,
GD-05,Tank/water point stable,,,,,
GD-05,Irrigation tested,,,,,
GD-05,Drainage works,,,,,
GD-05,No sharp/protruding hazards,,,,,
GD-05,Growing medium acceptable,,,,,
GD-05,Labels installed,,,,,
GD-05,Tool storage ready,,,,,
GD-05,Learning station usable,,,,,
GD-05,Accessibility adaptations complete,,,,,
GD-05,Electrical/sensor enclosure protected where applicable,,,,,
GD-05,Final safety inspection complete,,,,,
GD-06,Dimensions/set-out verified,,,,,
GD-06,Paths clear and stable,,,,,
GD-06,Beds/containers stable,,,,,
GD-06,Vertical structures anchored,,,,,
GD-06,Tank/water point stable,,,,,
GD-06,Irrigation tested,,,,,
GD-06,Drainage works,,,,,
GD-06,No sharp/protruding hazards,,,,,
GD-06,Growing medium acceptable,,,,,
GD-06,Labels installed,,,,,
GD-06,Tool storage ready,,,,,
GD-06,Learning station usable,,,,,
GD-06,Accessibility adaptations complete,,,,,
GD-06,Electrical/sensor enclosure protected where applicable,,,,,
GD-06,Final safety inspection complete,,,,,
GD-07,Dimensions/set-out verified,,,,,
GD-07,Paths clear and stable,,,,,
GD-07,Beds/containers stable,,,,,
GD-07,Vertical structures anchored,,,,,
GD-07,Tank/water point stable,,,,,
GD-07,Irrigation tested,,,,,
GD-07,Drainage works,,,,,
GD-07,No sharp/protruding hazards,,,,,
GD-07,Growing medium acceptable,,,,,
GD-07,Labels installed,,,,,
GD-07,Tool storage ready,,,,,
GD-07,Learning station usable,,,,,
GD-07,Accessibility adaptations complete,,,,,
GD-07,Electrical/sensor enclosure protected where applicable,,,,,
GD-07,Final safety inspection complete,,,,,
GD-08,Dimensions/set-out verified,,,,,
GD-08,Paths clear and stable,,,,,
GD-08,Beds/containers stable,,,,,
GD-08,Vertical structures anchored,,,,,
GD-08,Tank/water point stable,,,,,
GD-08,Irrigation tested,,,,,
GD-08,Drainage works,,,,,
GD-08,No sharp/protruding hazards,,,,,
GD-08,Growing medium acceptable,,,,,
GD-08,Labels installed,,,,,
GD-08,Tool storage ready,,,,,
GD-08,Learning station usable,,,,,
GD-08,Accessibility adaptations complete,,,,,
GD-08,Electrical/sensor enclosure protected where applicable,,,,,
GD-08,Final safety inspection complete,,,,,
GD-09,Dimensions/set-out verified,,,,,
GD-09,Paths clear and stable,,,,,
GD-09,Beds/containers stable,,,,,
GD-09,Vertical structures anchored,,,,,
GD-09,Tank/water point stable,,,,,
GD-09,Irrigation tested,,,,,
GD-09,Drainage works,,,,,
GD-09,No sharp/protruding hazards,,,,,
GD-09,Growing medium acceptable,,,,,
GD-09,Labels installed,,,,,
GD-09,Tool storage ready,,,,,
GD-09,Learning station usable,,,,,
GD-09,Accessibility adaptations complete,,,,,
GD-09,Electrical/sensor enclosure protected where applicable,,,,,
GD-09,Final safety inspection complete,,,,,
GD-10,Dimensions/set-out verified,,,,,
GD-10,Paths clear and stable,,,,,
GD-10,Beds/containers stable,,,,,
GD-10,Vertical structures anchored,,,,,
GD-10,Tank/water point stable,,,,,
GD-10,Irrigation tested,,,,,
GD-10,Drainage works,,,,,
GD-10,No sharp/protruding hazards,,,,,
GD-10,Growing medium acceptable,,,,,
GD-10,Labels installed,,,,,
GD-10,Tool storage ready,,,,,
GD-10,Learning station usable,,,,,
GD-10,Accessibility adaptations complete,,,,,
GD-10,Electrical/sensor enclosure protected where applicable,,,,,
GD-10,Final safety inspection complete,,,,,
GD-11,Dimensions/set-out verified,,,,,
GD-11,Paths clear and stable,,,,,
GD-11,Beds/containers stable,,,,,
GD-11,Vertical structures anchored,,,,,
GD-11,Tank/water point stable,,,,,
GD-11,Irrigation tested,,,,,
GD-11,Drainage works,,,,,
GD-11,No sharp/protruding hazards,,,,,
GD-11,Growing medium acceptable,,,,,
GD-11,Labels installed,,,,,
GD-11,Tool storage ready,,,,,
GD-11,Learning station usable,,,,,
GD-11,Accessibility adaptations complete,,,,,
GD-11,Electrical/sensor enclosure protected where applicable,,,,,
GD-11,Final safety inspection complete,,,,,
GD-12,Dimensions/set-out verified,,,,,
GD-12,Paths clear and stable,,,,,
GD-12,Beds/containers stable,,,,,
GD-12,Vertical structures anchored,,,,,
GD-12,Tank/water point stable,,,,,
GD-12,Irrigation tested,,,,,
GD-12,Drainage works,,,,,
GD-12,No sharp/protruding hazards,,,,,
GD-12,Growing medium acceptable,,,,,
GD-12,Labels installed,,,,,
GD-12,Tool storage ready,,,,,
GD-12,Learning station usable,,,,,
GD-12,Accessibility adaptations complete,,,,,
GD-12,Electrical/sensor enclosure protected where applicable,,,,,
GD-12,Final safety inspection complete,,,,,
GD-13,Dimensions/set-out verified,,,,,
GD-13,Paths clear and stable,,,,,
GD-13,Beds/containers stable,,,,,
GD-13,Vertical structures anchored,,,,,
GD-13,Tank/water point stable,,,,,
GD-13,Irrigation tested,,,,,
GD-13,Drainage works,,,,,
GD-13,No sharp/protruding hazards,,,,,
GD-13,Growing medium acceptable,,,,,
GD-13,Labels installed,,,,,
GD-13,Tool storage ready,,,,,
GD-13,Learning station usable,,,,,
GD-13,Accessibility adaptations complete,,,,,
GD-13,Electrical/sensor enclosure protected where applicable,,,,,
GD-13,Final safety inspection complete,,,,,
GD-14,Dimensions/set-out verified,,,,,
GD-14,Paths clear and stable,,,,,
GD-14,Beds/containers stable,,,,,
GD-14,Vertical structures anchored,,,,,
GD-14,Tank/water point stable,,,,,
GD-14,Irrigation tested,,,,,
GD-14,Drainage works,,,,,
GD-14,No sharp/protruding hazards,,,,,
GD-14,Growing medium acceptable,,,,,
GD-14,Labels installed,,,,,
GD-14,Tool storage ready,,,,,
GD-14,Learning station usable,,,,,
GD-14,Accessibility adaptations complete,,,,,
GD-14,Electrical/sensor enclosure protected where applicable,,,,,
GD-14,Final safety inspection complete,,,,,
GD-15,Dimensions/set-out verified,,,,,
GD-15,Paths clear and stable,,,,,
GD-15,Beds/containers stable,,,,,
GD-15,Vertical structures anchored,,,,,
GD-15,Tank/water point stable,,,,,
GD-15,Irrigation tested,,,,,
GD-15,Drainage works,,,,,
GD-15,No sharp/protruding hazards,,,,,
GD-15,Growing medium acceptable,,,,,
GD-15,Labels installed,,,,,
GD-15,Tool storage ready,,,,,
GD-15,Learning station usable,,,,,
GD-15,Accessibility adaptations complete,,,,,
GD-15,Electrical/sensor enclosure protected where applicable,,,,,
GD-15,Final safety inspection complete,,,,,
GD-16,Dimensions/set-out verified,,,,,
GD-16,Paths clear and stable,,,,,
GD-16,Beds/containers stable,,,,,
GD-16,Vertical structures anchored,,,,,
GD-16,Tank/water point stable,,,,,
GD-16,Irrigation tested,,,,,
GD-16,Drainage works,,,,,
GD-16,No sharp/protruding hazards,,,,,
GD-16,Growing medium acceptable,,,,,
GD-16,Labels installed,,,,,
GD-16,Tool storage ready,,,,,
GD-16,Learning station usable,,,,,
GD-16,Accessibility adaptations complete,,,,,
GD-16,Electrical/sensor enclosure protected where applicable,,,,,
GD-16,Final safety inspection complete,,,,,
GD-17,Dimensions/set-out verified,,,,,
GD-17,Paths clear and stable,,,,,
GD-17,Beds/containers stable,,,,,
GD-17,Vertical structures anchored,,,,,
GD-17,Tank/water point stable,,,,,
GD-17,Irrigation tested,,,,,
GD-17,Drainage works,,,,,
GD-17,No sharp/protruding hazards,,,,,
GD-17,Growing medium acceptable,,,,,
GD-17,Labels installed,,,,,
GD-17,Tool storage ready,,,,,
GD-17,Learning station usable,,,,,
GD-17,Accessibility adaptations complete,,,,,
GD-17,Electrical/sensor enclosure protected where applicable,,,,,
GD-17,Final safety inspection complete,,,,,
GD-18,Dimensions/set-out verified,,,,,
GD-18,Paths clear and stable,,,,,
GD-18,Beds/containers stable,,,,,
GD-18,Vertical structures anchored,,,,,
GD-18,Tank/water point stable,,,,,
GD-18,Irrigation tested,,,,,
GD-18,Drainage works,,,,,
GD-18,No sharp/protruding hazards,,,,,
GD-18,Growing medium acceptable,,,,,
GD-18,Labels installed,,,,,
GD-18,Tool storage ready,,,,,
GD-18,Learning station usable,,,,,
GD-18,Accessibility adaptations complete,,,,,
GD-18,Electrical/sensor enclosure protected where applicable,,,,,
GD-18,Final safety inspection complete,,,,,
GD-19,Dimensions/set-out verified,,,,,
GD-19,Paths clear and stable,,,,,
GD-19,Beds/containers stable,,,,,
GD-19,Vertical structures anchored,,,,,
GD-19,Tank/water point stable,,,,,
GD-19,Irrigation tested,,,,,
GD-19,Drainage works,,,,,
GD-19,No sharp/protruding hazards,,,,,
GD-19,Growing medium acceptable,,,,,
GD-19,Labels installed,,,,,
GD-19,Tool storage ready,,,,,
GD-19,Learning station usable,,,,,
GD-19,Accessibility adaptations complete,,,,,
GD-19,Electrical/sensor enclosure protected where applicable,,,,,
GD-19,Final safety inspection complete,,,,,
GD-20,Dimensions/set-out verified,,,,,
GD-20,Paths clear and stable,,,,,
GD-20,Beds/containers stable,,,,,
GD-20,Vertical structures anchored,,,,,
GD-20,Tank/water point stable,,,,,
GD-20,Irrigation tested,,,,,
GD-20,Drainage works,,,,,
GD-20,No sharp/protruding hazards,,,,,
GD-20,Growing medium acceptable,,,,,
GD-20,Labels installed,,,,,
GD-20,Tool storage ready,,,,,
GD-20,Learning station usable,,,,,
GD-20,Accessibility adaptations complete,,,,,
GD-20,Electrical/sensor enclosure protected where applicable,,,,,
GD-20,Final safety inspection complete,,,,,
GD-21,Dimensions/set-out verified,,,,,
GD-21,Paths clear and stable,,,,,
GD-21,Beds/containers stable,,,,,
GD-21,Vertical structures anchored,,,,,
GD-21,Tank/water point stable,,,,,
GD-21,Irrigation tested,,,,,
GD-21,Drainage works,,,,,
GD-21,No sharp/protruding hazards,,,,,
GD-21,Growing medium acceptable,,,,,
GD-21,Labels installed,,,,,
GD-21,Tool storage ready,,,,,
GD-21,Learning station usable,,,,,
GD-21,Accessibility adaptations complete,,,,,
GD-21,Electrical/sensor enclosure protected where applicable,,,,,
GD-21,Final safety inspection complete,,,,,
GD-22,Dimensions/set-out verified,,,,,
GD-22,Paths clear and stable,,,,,
GD-22,Beds/containers stable,,,,,
GD-22,Vertical structures anchored,,,,,
GD-22,Tank/water point stable,,,,,
GD-22,Irrigation tested,,,,,
GD-22,Drainage works,,,,,
GD-22,No sharp/protruding hazards,,,,,
GD-22,Growing medium acceptable,,,,,
GD-22,Labels installed,,,,,
GD-22,Tool storage ready,,,,,
GD-22,Learning station usable,,,,,
GD-22,Accessibility adaptations complete,,,,,
GD-22,Electrical/sensor enclosure protected where applicable,,,,,
GD-22,Final safety inspection complete,,,,,
GD-23,Dimensions/set-out verified,,,,,
GD-23,Paths clear and stable,,,,,
GD-23,Beds/containers stable,,,,,
GD-23,Vertical structures anchored,,,,,
GD-23,Tank/water point stable,,,,,
GD-23,Irrigation tested,,,,,
GD-23,Drainage works,,,,,
GD-23,No sharp/protruding hazards,,,,,
GD-23,Growing medium acceptable,,,,,
GD-23,Labels installed,,,,,
GD-23,Tool storage ready,,,,,
GD-23,Learning station usable,,,,,
GD-23,Accessibility adaptations complete,,,,,
GD-23,Electrical/sensor enclosure protected where applicable,,,,,
GD-23,Final safety inspection complete,,,,,
GD-24,Dimensions/set-out verified,,,,,
GD-24,Paths clear and stable,,,,,
GD-24,Beds/containers stable,,,,,
GD-24,Vertical structures anchored,,,,,
GD-24,Tank/water point stable,,,,,
GD-24,Irrigation tested,,,,,
GD-24,Drainage works,,,,,
GD-24,No sharp/protruding hazards,,,,,
GD-24,Growing medium acceptable,,,,,
GD-24,Labels installed,,,,,
GD-24,Tool storage ready,,,,,
GD-24,Learning station usable,,,,,
GD-24,Accessibility adaptations complete,,,,,
GD-24,Electrical/sensor enclosure protected where applicable,,,,,
GD-24,Final safety inspection complete,,,,,
GD-25,Dimensions/set-out verified,,,,,
GD-25,Paths clear and stable,,,,,
GD-25,Beds/containers stable,,,,,
GD-25,Vertical structures anchored,,,,,
GD-25,Tank/water point stable,,,,,
GD-25,Irrigation tested,,,,,
GD-25,Drainage works,,,,,
GD-25,No sharp/protruding hazards,,,,,
GD-25,Growing medium acceptable,,,,,
GD-25,Labels installed,,,,,
GD-25,Tool storage ready,,,,,
GD-25,Learning station usable,,,,,
GD-25,Accessibility adaptations complete,,,,,
GD-25,Electrical/sensor enclosure protected where applicable,,,,,
GD-25,Final safety inspection complete,,,,,
GD-26,Dimensions/set-out verified,,,,,
GD-26,Paths clear and stable,,,,,
GD-26,Beds/containers stable,,,,,
GD-26,Vertical structures anchored,,,,,
GD-26,Tank/water point stable,,,,,
GD-26,Irrigation tested,,,,,
GD-26,Drainage works,,,,,
GD-26,No sharp/protruding hazards,,,,,
GD-26,Growing medium acceptable,,,,,
GD-26,Labels installed,,,,,
GD-26,Tool storage ready,,,,,
GD-26,Learning station usable,,,,,
GD-26,Accessibility adaptations complete,,,,,
GD-26,Electrical/sensor enclosure protected where applicable,,,,,
GD-26,Final safety inspection complete,,,,,
GD-27,Dimensions/set-out verified,,,,,
GD-27,Paths clear and stable,,,,,
GD-27,Beds/containers stable,,,,,
GD-27,Vertical structures anchored,,,,,
GD-27,Tank/water point stable,,,,,
GD-27,Irrigation tested,,,,,
GD-27,Drainage works,,,,,
GD-27,No sharp/protruding hazards,,,,,
GD-27,Growing medium acceptable,,,,,
GD-27,Labels installed,,,,,
GD-27,Tool storage ready,,,,,
GD-27,Learning station usable,,,,,
GD-27,Accessibility adaptations complete,,,,,
GD-27,Electrical/sensor enclosure protected where applicable,,,,,
GD-27,Final safety inspection complete,,,,,
GD-28,Dimensions/set-out verified,,,,,
GD-28,Paths clear and stable,,,,,
GD-28,Beds/containers stable,,,,,
GD-28,Vertical structures anchored,,,,,
GD-28,Tank/water point stable,,,,,
GD-28,Irrigation tested,,,,,
GD-28,Drainage works,,,,,
GD-28,No sharp/protruding hazards,,,,,
GD-28,Growing medium acceptable,,,,,
GD-28,Labels installed,,,,,
GD-28,Tool storage ready,,,,,
GD-28,Learning station usable,,,,,
GD-28,Accessibility adaptations complete,,,,,
GD-28,Electrical/sensor enclosure protected where applicable,,,,,
GD-28,Final safety inspection complete,,,,,
GD-29,Dimensions/set-out verified,,,,,
GD-29,Paths clear and stable,,,,,
GD-29,Beds/containers stable,,,,,
GD-29,Vertical structures anchored,,,,,
GD-29,Tank/water point stable,,,,,
GD-29,Irrigation tested,,,,,
GD-29,Drainage works,,,,,
GD-29,No sharp/protruding hazards,,,,,
GD-29,Growing medium acceptable,,,,,
GD-29,Labels installed,,,,,
GD-29,Tool storage ready,,,,,
GD-29,Learning station usable,,,,,
GD-29,Accessibility adaptations complete,,,,,
GD-29,Electrical/sensor enclosure protected where applicable,,,,,
GD-29,Final safety inspection complete,,,,,
GD-30,Dimensions/set-out verified,,,,,
GD-30,Paths clear and stable,,,,,
GD-30,Beds/containers stable,,,,,
GD-30,Vertical structures anchored,,,,,
GD-30,Tank/water point stable,,,,,
GD-30,Irrigation tested,,,,,
GD-30,Drainage works,,,,,
GD-30,No sharp/protruding hazards,,,,,
GD-30,Growing medium acceptable,,,,,
GD-30,Labels installed,,,,,
GD-30,Tool storage ready,,,,,
GD-30,Learning station usable,,,,,
GD-30,Accessibility adaptations complete,,,,,
GD-30,Electrical/sensor enclosure protected where applicable,,,,,
GD-30,Final safety inspection complete,,,,,
GD-31,Dimensions/set-out verified,,,,,
GD-31,Paths clear and stable,,,,,
GD-31,Beds/containers stable,,,,,
GD-31,Vertical structures anchored,,,,,
GD-31,Tank/water point stable,,,,,
GD-31,Irrigation tested,,,,,
GD-31,Drainage works,,,,,
GD-31,No sharp/protruding hazards,,,,,
GD-31,Growing medium acceptable,,,,,
GD-31,Labels installed,,,,,
GD-31,Tool storage ready,,,,,
GD-31,Learning station usable,,,,,
GD-31,Accessibility adaptations complete,,,,,
GD-31,Electrical/sensor enclosure protected where applicable,,,,,
GD-31,Final safety inspection complete,,,,,
GD-32,Dimensions/set-out verified,,,,,
GD-32,Paths clear and stable,,,,,
GD-32,Beds/containers stable,,,,,
GD-32,Vertical structures anchored,,,,,
GD-32,Tank/water point stable,,,,,
GD-32,Irrigation tested,,,,,
GD-32,Drainage works,,,,,
GD-32,No sharp/protruding hazards,,,,,
GD-32,Growing medium acceptable,,,,,
GD-32,Labels installed,,,,,
GD-32,Tool storage ready,,,,,
GD-32,Learning station usable,,,,,
GD-32,Accessibility adaptations complete,,,,,
GD-32,Electrical/sensor enclosure protected where applicable,,,,,
GD-32,Final safety inspection complete,,,,,
GD-33,Dimensions/set-out verified,,,,,
GD-33,Paths clear and stable,,,,,
GD-33,Beds/containers stable,,,,,
GD-33,Vertical structures anchored,,,,,
GD-33,Tank/water point stable,,,,,
GD-33,Irrigation tested,,,,,
GD-33,Drainage works,,,,,
GD-33,No sharp/protruding hazards,,,,,
GD-33,Growing medium acceptable,,,,,
GD-33,Labels installed,,,,,
GD-33,Tool storage ready,,,,,
GD-33,Learning station usable,,,,,
GD-33,Accessibility adaptations complete,,,,,
GD-33,Electrical/sensor enclosure protected where applicable,,,,,
GD-33,Final safety inspection complete,,,,,
GD-34,Dimensions/set-out verified,,,,,
GD-34,Paths clear and stable,,,,,
GD-34,Beds/containers stable,,,,,
GD-34,Vertical structures anchored,,,,,
GD-34,Tank/water point stable,,,,,
GD-34,Irrigation tested,,,,,
GD-34,Drainage works,,,,,
GD-34,No sharp/protruding hazards,,,,,
GD-34,Growing medium acceptable,,,,,
GD-34,Labels installed,,,,,
GD-34,Tool storage ready,,,,,
GD-34,Learning station usable,,,,,
GD-34,Accessibility adaptations complete,,,,,
GD-34,Electrical/sensor enclosure protected where applicable,,,,,
GD-34,Final safety inspection complete,,,,,
GD-35,Dimensions/set-out verified,,,,,
GD-35,Paths clear and stable,,,,,
GD-35,Beds/containers stable,,,,,
GD-35,Vertical structures anchored,,,,,
GD-35,Tank/water point stable,,,,,
GD-35,Irrigation tested,,,,,
GD-35,Drainage works,,,,,
GD-35,No sharp/protruding hazards,,,,,
GD-35,Growing medium acceptable,,,,,
GD-35,Labels installed,,,,,
GD-35,Tool storage ready,,,,,
GD-35,Learning station usable,,,,,
GD-35,Accessibility adaptations complete,,,,,
GD-35,Electrical/sensor enclosure protected where applicable,,,,,
GD-35,Final safety inspection complete,,,,,
GD-36,Dimensions/set-out verified,,,,,
GD-36,Paths clear and stable,,,,,
GD-36,Beds/containers stable,,,,,
GD-36,Vertical structures anchored,,,,,
GD-36,Tank/water point stable,,,,,
GD-36,Irrigation tested,,,,,
GD-36,Drainage works,,,,,
GD-36,No sharp/protruding hazards,,,,,
GD-36,Growing medium acceptable,,,,,
GD-36,Labels installed,,,,,
GD-36,Tool storage ready,,,,,
GD-36,Learning station usable,,,,,
GD-36,Accessibility adaptations complete,,,,,
GD-36,Electrical/sensor enclosure protected where applicable,,,,,
GD-36,Final safety inspection complete,,,,,
GD-37,Dimensions/set-out verified,,,,,
GD-37,Paths clear and stable,,,,,
GD-37,Beds/containers stable,,,,,
GD-37,Vertical structures anchored,,,,,
GD-37,Tank/water point stable,,,,,
GD-37,Irrigation tested,,,,,
GD-37,Drainage works,,,,,
GD-37,No sharp/protruding hazards,,,,,
GD-37,Growing medium acceptable,,,,,
GD-37,Labels installed,,,,,
GD-37,Tool storage ready,,,,,
GD-37,Learning station usable,,,,,
GD-37,Accessibility adaptations complete,,,,,
GD-37,Electrical/sensor enclosure protected where applicable,,,,,
GD-37,Final safety inspection complete,,,,,
GD-38,Dimensions/set-out verified,,,,,
GD-38,Paths clear and stable,,,,,
GD-38,Beds/containers stable,,,,,
GD-38,Vertical structures anchored,,,,,
GD-38,Tank/water point stable,,,,,
GD-38,Irrigation tested,,,,,
GD-38,Drainage works,,,,,
GD-38,No sharp/protruding hazards,,,,,
GD-38,Growing medium acceptable,,,,,
GD-38,Labels installed,,,,,
GD-38,Tool storage ready,,,,,
GD-38,Learning station usable,,,,,
GD-38,Accessibility adaptations complete,,,,,
GD-38,Electrical/sensor enclosure protected where applicable,,,,,
GD-38,Final safety inspection complete,,,,,
GD-39,Dimensions/set-out verified,,,,,
GD-39,Paths clear and stable,,,,,
GD-39,Beds/containers stable,,,,,
GD-39,Vertical structures anchored,,,,,
GD-39,Tank/water point stable,,,,,
GD-39,Irrigation tested,,,,,
GD-39,Drainage works,,,,,
GD-39,No sharp/protruding hazards,,,,,
GD-39,Growing medium acceptable,,,,,
GD-39,Labels installed,,,,,
GD-39,Tool storage ready,,,,,
GD-39,Learning station usable,,,,,
GD-39,Accessibility adaptations complete,,,,,
GD-39,Electrical/sensor enclosure protected where applicable,,,,,
GD-39,Final safety inspection complete,,,,,
GD-40,Dimensions/set-out verified,,,,,
GD-40,Paths clear and stable,,,,,
GD-40,Beds/containers stable,,,,,
GD-40,Vertical structures anchored,,,,,
GD-40,Tank/water point stable,,,,,
GD-40,Irrigation tested,,,,,
GD-40,Drainage works,,,,,
GD-40,No sharp/protruding hazards,,,,,
GD-40,Growing medium acceptable,,,,,
GD-40,Labels installed,,,,,
GD-40,Tool storage ready,,,,,
GD-40,Learning station usable,,,,,
GD-40,Accessibility adaptations complete,,,,,
GD-40,Electrical/sensor enclosure protected where applicable,,,,,
GD-40,Final safety inspection complete,,,,,
GD-41,Dimensions/set-out verified,,,,,
GD-41,Paths clear and stable,,,,,
GD-41,Beds/containers stable,,,,,
GD-41,Vertical structures anchored,,,,,
GD-41,Tank/water point stable,,,,,
GD-41,Irrigation tested,,,,,
GD-41,Drainage works,,,,,
GD-41,No sharp/protruding hazards,,,,,
GD-41,Growing medium acceptable,,,,,
GD-41,Labels installed,,,,,
GD-41,Tool storage ready,,,,,
GD-41,Learning station usable,,,,,
GD-41,Accessibility adaptations complete,,,,,
GD-41,Electrical/sensor enclosure protected where applicable,,,,,
GD-41,Final safety inspection complete,,,,,
GD-42,Dimensions/set-out verified,,,,,
GD-42,Paths clear and stable,,,,,
GD-42,Beds/containers stable,,,,,
GD-42,Vertical structures anchored,,,,,
GD-42,Tank/water point stable,,,,,
GD-42,Irrigation tested,,,,,
GD-42,Drainage works,,,,,
GD-42,No sharp/protruding hazards,,,,,
GD-42,Growing medium acceptable,,,,,
GD-42,Labels installed,,,,,
GD-42,Tool storage ready,,,,,
GD-42,Learning station usable,,,,,
GD-42,Accessibility adaptations complete,,,,,
GD-42,Electrical/sensor enclosure protected where applicable,,,,,
GD-42,Final safety inspection complete,,,,,
GD-43,Dimensions/set-out verified,,,,,
GD-43,Paths clear and stable,,,,,
GD-43,Beds/containers stable,,,,,
GD-43,Vertical structures anchored,,,,,
GD-43,Tank/water point stable,,,,,
GD-43,Irrigation tested,,,,,
GD-43,Drainage works,,,,,
GD-43,No sharp/protruding hazards,,,,,
GD-43,Growing medium acceptable,,,,,
GD-43,Labels installed,,,,,
GD-43,Tool storage ready,,,,,
GD-43,Learning station usable,,,,,
GD-43,Accessibility adaptations complete,,,,,
GD-43,Electrical/sensor enclosure protected where applicable,,,,,
GD-43,Final safety inspection complete,,,,,
GD-44,Dimensions/set-out verified,,,,,
GD-44,Paths clear and stable,,,,,
GD-44,Beds/containers stable,,,,,
GD-44,Vertical structures anchored,,,,,
GD-44,Tank/water point stable,,,,,
GD-44,Irrigation tested,,,,,
GD-44,Drainage works,,,,,
GD-44,No sharp/protruding hazards,,,,,
GD-44,Growing medium acceptable,,,,,
GD-44,Labels installed,,,,,
GD-44,Tool storage ready,,,,,
GD-44,Learning station usable,,,,,
GD-44,Accessibility adaptations complete,,,,,
GD-44,Electrical/sensor enclosure protected where applicable,,,,,
GD-44,Final safety inspection complete,,,,,
GD-45,Dimensions/set-out verified,,,,,
GD-45,Paths clear and stable,,,,,
GD-45,Beds/containers stable,,,,,
GD-45,Vertical structures anchored,,,,,
GD-45,Tank/water point stable,,,,,
GD-45,Irrigation tested,,,,,
GD-45,Drainage works,,,,,
GD-45,No sharp/protruding hazards,,,,,
GD-45,Growing medium acceptable,,,,,
GD-45,Labels installed,,,,,
GD-45,Tool storage ready,,,,,
GD-45,Learning station usable,,,,,
GD-45,Accessibility adaptations complete,,,,,
GD-45,Electrical/sensor enclosure protected where applicable,,,,,
GD-45,Final safety inspection complete,,,,,
GD-46,Dimensions/set-out verified,,,,,
GD-46,Paths clear and stable,,,,,
GD-46,Beds/containers stable,,,,,
GD-46,Vertical structures anchored,,,,,
GD-46,Tank/water point stable,,,,,
GD-46,Irrigation tested,,,,,
GD-46,Drainage works,,,,,
GD-46,No sharp/protruding hazards,,,,,
GD-46,Growing medium acceptable,,,,,
GD-46,Labels installed,,,,,
GD-46,Tool storage ready,,,,,
GD-46,Learning station usable,,,,,
GD-46,Accessibility adaptations complete,,,,,
GD-46,Electrical/sensor enclosure protected where applicable,,,,,
GD-46,Final safety inspection complete,,,,,
GD-47,Dimensions/set-out verified,,,,,
GD-47,Paths clear and stable,,,,,
GD-47,Beds/containers stable,,,,,
GD-47,Vertical structures anchored,,,,,
GD-47,Tank/water point stable,,,,,
GD-47,Irrigation tested,,,,,
GD-47,Drainage works,,,,,
GD-47,No sharp/protruding hazards,,,,,
GD-47,Growing medium acceptable,,,,,
GD-47,Labels installed,,,,,
GD-47,Tool storage ready,,,,,
GD-47,Learning station usable,,,,,
GD-47,Accessibility adaptations complete,,,,,
GD-47,Electrical/sensor enclosure protected where applicable,,,,,
GD-47,Final safety inspection complete,,,,,
GD-48,Dimensions/set-out verified,,,,,
GD-48,Paths clear and stable,,,,,
GD-48,Beds/containers stable,,,,,
GD-48,Vertical structures anchored,,,,,
GD-48,Tank/water point stable,,,,,
GD-48,Irrigation tested,,,,,
GD-48,Drainage works,,,,,
GD-48,No sharp/protruding hazards,,,,,
GD-48,Growing medium acceptable,,,,,
GD-48,Labels installed,,,,,
GD-48,Tool storage ready,,,,,
GD-48,Learning station usable,,,,,
GD-48,Accessibility adaptations complete,,,,,
GD-48,Electrical/sensor enclosure protected where applicable,,,,,
GD-48,Final safety inspection complete,,,,,
GD-49,Dimensions/set-out verified,,,,,
GD-49,Paths clear and stable,,,,,
GD-49,Beds/containers stable,,,,,
GD-49,Vertical structures anchored,,,,,
GD-49,Tank/water point stable,,,,,
GD-49,Irrigation tested,,,,,
GD-49,Drainage works,,,,,
GD-49,No sharp/protruding hazards,,,,,
GD-49,Growing medium acceptable,,,,,
GD-49,Labels installed,,,,,
GD-49,Tool storage ready,,,,,
GD-49,Learning station usable,,,,,
GD-49,Accessibility adaptations complete,,,,,
GD-49,Electrical/sensor enclosure protected where applicable,,,,,
GD-49,Final safety inspection complete,,,,,
GD-50,Dimensions/set-out verified,,,,,
GD-50,Paths clear and stable,,,,,
GD-50,Beds/containers stable,,,,,
GD-50,Vertical structures anchored,,,,,
GD-50,Tank/water point stable,,,,,
GD-50,Irrigation tested,,,,,
GD-50,Drainage works,,,,,
GD-50,No sharp/protruding hazards,,,,,
GD-50,Growing medium acceptable,,,,,
GD-50,Labels installed,,,,,
GD-50,Tool storage ready,,,,,
GD-50,Learning station usable,,,,,
GD-50,Accessibility adaptations complete,,,,,
GD-50,Electrical/sensor enclosure protected where applicable,,,,,
GD-50,Final safety inspection complete,,,,,
