ID,Level,Term,Category,Definition,Example_or_Prompt,Garden_Link
NV-0001,Nursery N1-N3,Seed,Plant & Production,The plant structure that can begin a new plant.,Teacher: 'Can you find or show seed in our garden?',Alphabet Garden
NV-0002,Nursery N1-N3,Root,Plant & Production,The plant part that anchors the plant and takes up water and minerals.,Teacher: 'Can you find or show root in our garden?',Number Garden
NV-0003,Nursery N1-N3,Stem,Plant & Production,The plant part that supports leaves and transports materials.,Teacher: 'Can you find or show stem in our garden?',Geometry Garden
NV-0004,Nursery N1-N3,Leaf,Plant & Production,A plant organ that captures light and exchanges gases.,Teacher: 'Can you find or show leaf in our garden?',Leaf Garden
NV-0005,Nursery N1-N3,Flower,Plant & Production,The reproductive structure of many plants.,Teacher: 'Can you find or show flower in our garden?',Butterfly Garden
NV-0006,Nursery N1-N3,Fruit,Plant & Production,A plant structure that develops from a flower and contains or protects seeds.,Teacher: 'Can you find or show fruit in our garden?',ReBottle Garden
NV-0007,Nursery N1-N3,Soil,Soil / Growing Medium,"The natural material in which many plants grow, containing minerals, organic matter, water and air.",Teacher: 'Can you find or show soil in our garden?',MicroGrow Garden
NV-0008,Nursery N1-N3,Water,Water & Irrigation,A resource plants need for growth and transport of materials.,Teacher: 'Can you find or show water in our garden?',Mini Table Garden
NV-0009,Nursery N1-N3,Sunlight,Garden Foundations,"A GrowMeal concept used to observe, describe, measure, analyze or manage sunlight at the Nursery N1-N3 level.",Teacher: 'Can you find or show sunlight in our garden?',Sack Garden
NV-0010,Nursery N1-N3,Plant,Plant & Production,"A GrowMeal concept used to observe, describe, measure, analyze or manage plant at the Nursery N1-N3 level.",Teacher: 'Can you find or show plant in our garden?',Discovery Garden
NV-0011,Nursery N1-N3,Garden,Garden Foundations,A planned growing or learning space associated with garden.,Teacher: 'Can you find or show garden in our garden?',Alphabet Garden
NV-0012,Nursery N1-N3,Bed,Garden Foundations,"A GrowMeal concept used to observe, describe, measure, analyze or manage bed at the Nursery N1-N3 level.",Teacher: 'Can you find or show bed in our garden?',Number Garden
NV-0013,Nursery N1-N3,Pot,Garden Foundations,"A GrowMeal concept used to observe, describe, measure, analyze or manage pot at the Nursery N1-N3 level.",Teacher: 'Can you find or show pot in our garden?',Geometry Garden
NV-0014,Nursery N1-N3,Sack,Garden Foundations,"A GrowMeal concept used to observe, describe, measure, analyze or manage sack at the Nursery N1-N3 level.",Teacher: 'Can you find or show sack in our garden?',Leaf Garden
NV-0015,Nursery N1-N3,Bottle,Garden Foundations,"A GrowMeal concept used to observe, describe, measure, analyze or manage bottle at the Nursery N1-N3 level.",Teacher: 'Can you find or show bottle in our garden?',Butterfly Garden
NV-0016,Nursery N1-N3,Table,Garden Foundations,"A GrowMeal concept used to observe, describe, measure, analyze or manage table at the Nursery N1-N3 level.",Teacher: 'Can you find or show table in our garden?',ReBottle Garden
NV-0017,Nursery N1-N3,Path,Garden Foundations,"A GrowMeal concept used to observe, describe, measure, analyze or manage path at the Nursery N1-N3 level.",Teacher: 'Can you find or show path in our garden?',MicroGrow Garden
NV-0018,Nursery N1-N3,Tool,Garden Foundations,"A GrowMeal concept used to observe, describe, measure, analyze or manage tool at the Nursery N1-N3 level.",Teacher: 'Can you find or show tool in our garden?',Mini Table Garden
NV-0019,Nursery N1-N3,Hand,Garden Foundations,"A GrowMeal concept used to observe, describe, measure, analyze or manage hand at the Nursery N1-N3 level.",Teacher: 'Can you find or show hand in our garden?',Sack Garden
NV-0020,Nursery N1-N3,Glove,Garden Foundations,"A GrowMeal concept used to observe, describe, measure, analyze or manage glove at the Nursery N1-N3 level.",Teacher: 'Can you find or show glove in our garden?',Discovery Garden
NV-0021,Nursery N1-N3,Green,Garden Foundations,"A GrowMeal concept used to observe, describe, measure, analyze or manage green at the Nursery N1-N3 level.",Teacher: 'Can you find or show green in our garden?',Alphabet Garden
NV-0022,Nursery N1-N3,Yellow,Garden Foundations,"A GrowMeal concept used to observe, describe, measure, analyze or manage yellow at the Nursery N1-N3 level.",Teacher: 'Can you find or show yellow in our garden?',Number Garden
NV-0023,Nursery N1-N3,Red,Garden Foundations,"A GrowMeal concept used to observe, describe, measure, analyze or manage red at the Nursery N1-N3 level.",Teacher: 'Can you find or show red in our garden?',Geometry Garden
NV-0024,Nursery N1-N3,Brown,Garden Foundations,"A GrowMeal concept used to observe, describe, measure, analyze or manage brown at the Nursery N1-N3 level.",Teacher: 'Can you find or show brown in our garden?',Leaf Garden
NV-0025,Nursery N1-N3,Wet,Garden Foundations,"A GrowMeal concept used to observe, describe, measure, analyze or manage wet at the Nursery N1-N3 level.",Teacher: 'Can you find or show wet in our garden?',Butterfly Garden
NV-0026,Nursery N1-N3,Dry,Garden Foundations,"A GrowMeal concept used to observe, describe, measure, analyze or manage dry at the Nursery N1-N3 level.",Teacher: 'Can you find or show dry in our garden?',ReBottle Garden
NV-0027,Nursery N1-N3,Soft,Garden Foundations,"A GrowMeal concept used to observe, describe, measure, analyze or manage soft at the Nursery N1-N3 level.",Teacher: 'Can you find or show soft in our garden?',MicroGrow Garden
NV-0028,Nursery N1-N3,Hard,Garden Foundations,"A GrowMeal concept used to observe, describe, measure, analyze or manage hard at the Nursery N1-N3 level.",Teacher: 'Can you find or show hard in our garden?',Mini Table Garden
NV-0029,Nursery N1-N3,Smooth,Garden Foundations,"A GrowMeal concept used to observe, describe, measure, analyze or manage smooth at the Nursery N1-N3 level.",Teacher: 'Can you find or show smooth in our garden?',Sack Garden
NV-0030,Nursery N1-N3,Rough,Garden Foundations,"A GrowMeal concept used to observe, describe, measure, analyze or manage rough at the Nursery N1-N3 level.",Teacher: 'Can you find or show rough in our garden?',Discovery Garden
NV-0031,Nursery N1-N3,Small,Garden Foundations,"A GrowMeal concept used to observe, describe, measure, analyze or manage small at the Nursery N1-N3 level.",Teacher: 'Can you find or show small in our garden?',Alphabet Garden
NV-0032,Nursery N1-N3,Big,Garden Foundations,"A GrowMeal concept used to observe, describe, measure, analyze or manage big at the Nursery N1-N3 level.",Teacher: 'Can you find or show big in our garden?',Number Garden
NV-0033,Nursery N1-N3,Short,Garden Foundations,"A GrowMeal concept used to observe, describe, measure, analyze or manage short at the Nursery N1-N3 level.",Teacher: 'Can you find or show short in our garden?',Geometry Garden
NV-0034,Nursery N1-N3,Tall,Garden Foundations,"A GrowMeal concept used to observe, describe, measure, analyze or manage tall at the Nursery N1-N3 level.",Teacher: 'Can you find or show tall in our garden?',Leaf Garden
NV-0035,Nursery N1-N3,Round,Garden Foundations,"A GrowMeal concept used to observe, describe, measure, analyze or manage round at the Nursery N1-N3 level.",Teacher: 'Can you find or show round in our garden?',Butterfly Garden
NV-0036,Nursery N1-N3,Straight,Garden Foundations,"A GrowMeal concept used to observe, describe, measure, analyze or manage straight at the Nursery N1-N3 level.",Teacher: 'Can you find or show straight in our garden?',ReBottle Garden
NV-0037,Nursery N1-N3,Curved,Garden Foundations,"A GrowMeal concept used to observe, describe, measure, analyze or manage curved at the Nursery N1-N3 level.",Teacher: 'Can you find or show curved in our garden?',MicroGrow Garden
NV-0038,Nursery N1-N3,Wide,Garden Foundations,"A GrowMeal concept used to observe, describe, measure, analyze or manage wide at the Nursery N1-N3 level.",Teacher: 'Can you find or show wide in our garden?',Mini Table Garden
NV-0039,Nursery N1-N3,Narrow,Garden Foundations,"A GrowMeal concept used to observe, describe, measure, analyze or manage narrow at the Nursery N1-N3 level.",Teacher: 'Can you find or show narrow in our garden?',Sack Garden
NV-0040,Nursery N1-N3,Same,Garden Foundations,"A GrowMeal concept used to observe, describe, measure, analyze or manage same at the Nursery N1-N3 level.",Teacher: 'Can you find or show same in our garden?',Discovery Garden
NV-0041,Nursery N1-N3,Different,Garden Foundations,"A GrowMeal concept used to observe, describe, measure, analyze or manage different at the Nursery N1-N3 level.",Teacher: 'Can you find or show different in our garden?',Alphabet Garden
NV-0042,Nursery N1-N3,One,Garden Foundations,"A GrowMeal concept used to observe, describe, measure, analyze or manage one at the Nursery N1-N3 level.",Teacher: 'Can you find or show one in our garden?',Number Garden
NV-0043,Nursery N1-N3,Two,Garden Foundations,"A GrowMeal concept used to observe, describe, measure, analyze or manage two at the Nursery N1-N3 level.",Teacher: 'Can you find or show two in our garden?',Geometry Garden
NV-0044,Nursery N1-N3,Three,Garden Foundations,"A GrowMeal concept used to observe, describe, measure, analyze or manage three at the Nursery N1-N3 level.",Teacher: 'Can you find or show three in our garden?',Leaf Garden
NV-0045,Nursery N1-N3,Four,Garden Foundations,"A GrowMeal concept used to observe, describe, measure, analyze or manage four at the Nursery N1-N3 level.",Teacher: 'Can you find or show four in our garden?',Butterfly Garden
NV-0046,Nursery N1-N3,Five,Garden Foundations,"A GrowMeal concept used to observe, describe, measure, analyze or manage five at the Nursery N1-N3 level.",Teacher: 'Can you find or show five in our garden?',ReBottle Garden
NV-0047,Nursery N1-N3,Six,Garden Foundations,"A GrowMeal concept used to observe, describe, measure, analyze or manage six at the Nursery N1-N3 level.",Teacher: 'Can you find or show six in our garden?',MicroGrow Garden
NV-0048,Nursery N1-N3,Seven,Garden Foundations,"A GrowMeal concept used to observe, describe, measure, analyze or manage seven at the Nursery N1-N3 level.",Teacher: 'Can you find or show seven in our garden?',Mini Table Garden
NV-0049,Nursery N1-N3,Eight,Garden Foundations,"A GrowMeal concept used to observe, describe, measure, analyze or manage eight at the Nursery N1-N3 level.",Teacher: 'Can you find or show eight in our garden?',Sack Garden
NV-0050,Nursery N1-N3,Nine,Garden Foundations,"A GrowMeal concept used to observe, describe, measure, analyze or manage nine at the Nursery N1-N3 level.",Teacher: 'Can you find or show nine in our garden?',Discovery Garden
NV-0051,Nursery N1-N3,Ten,Garden Foundations,"A GrowMeal concept used to observe, describe, measure, analyze or manage ten at the Nursery N1-N3 level.",Teacher: 'Can you find or show ten in our garden?',Alphabet Garden
NV-0052,Nursery N1-N3,Count,Garden Foundations,"A GrowMeal concept used to observe, describe, measure, analyze or manage count at the Nursery N1-N3 level.",Teacher: 'Can you find or show count in our garden?',Number Garden
NV-0053,Nursery N1-N3,Match,Garden Foundations,"A GrowMeal concept used to observe, describe, measure, analyze or manage match at the Nursery N1-N3 level.",Teacher: 'Can you find or show match in our garden?',Geometry Garden
NV-0054,Nursery N1-N3,Sort,Garden Foundations,"A GrowMeal concept used to observe, describe, measure, analyze or manage sort at the Nursery N1-N3 level.",Teacher: 'Can you find or show sort in our garden?',Leaf Garden
NV-0055,Nursery N1-N3,Find,Garden Foundations,"A GrowMeal concept used to observe, describe, measure, analyze or manage find at the Nursery N1-N3 level.",Teacher: 'Can you find or show find in our garden?',Butterfly Garden
NV-0056,Nursery N1-N3,Look,Garden Foundations,"A GrowMeal concept used to observe, describe, measure, analyze or manage look at the Nursery N1-N3 level.",Teacher: 'Can you find or show look in our garden?',ReBottle Garden
NV-0057,Nursery N1-N3,Touch,Garden Foundations,"A GrowMeal concept used to observe, describe, measure, analyze or manage touch at the Nursery N1-N3 level.",Teacher: 'Can you find or show touch in our garden?',MicroGrow Garden
NV-0058,Nursery N1-N3,Draw,Garden Foundations,"A GrowMeal concept used to observe, describe, measure, analyze or manage draw at the Nursery N1-N3 level.",Teacher: 'Can you find or show draw in our garden?',Mini Table Garden
NV-0059,Nursery N1-N3,Say,Garden Foundations,"A GrowMeal concept used to observe, describe, measure, analyze or manage say at the Nursery N1-N3 level.",Teacher: 'Can you find or show say in our garden?',Sack Garden
NV-0060,Nursery N1-N3,Care,Garden Foundations,"A GrowMeal concept used to observe, describe, measure, analyze or manage care at the Nursery N1-N3 level.",Teacher: 'Can you find or show care in our garden?',Discovery Garden
NV-0061,Nursery N1-N3,Grow,Garden Foundations,"A GrowMeal concept used to observe, describe, measure, analyze or manage grow at the Nursery N1-N3 level.",Teacher: 'Can you find or show grow in our garden?',Alphabet Garden
NV-0062,Nursery N1-N3,Sprout,Garden Foundations,"A GrowMeal concept used to observe, describe, measure, analyze or manage sprout at the Nursery N1-N3 level.",Teacher: 'Can you find or show sprout in our garden?',Number Garden
NV-0063,Nursery N1-N3,Seedling,Plant & Production,"A GrowMeal concept used to observe, describe, measure, analyze or manage seedling at the Nursery N1-N3 level.",Teacher: 'Can you find or show seedling in our garden?',Geometry Garden
NV-0064,Nursery N1-N3,Bud,Garden Foundations,"A GrowMeal concept used to observe, describe, measure, analyze or manage bud at the Nursery N1-N3 level.",Teacher: 'Can you find or show bud in our garden?',Leaf Garden
NV-0065,Nursery N1-N3,Petal,Garden Foundations,"A GrowMeal concept used to observe, describe, measure, analyze or manage petal at the Nursery N1-N3 level.",Teacher: 'Can you find or show petal in our garden?',Butterfly Garden
NV-0066,Nursery N1-N3,Vein,Garden Foundations,"A GrowMeal concept used to observe, describe, measure, analyze or manage vein at the Nursery N1-N3 level.",Teacher: 'Can you find or show vein in our garden?',ReBottle Garden
NV-0067,Nursery N1-N3,Edge,Garden Foundations,"A GrowMeal concept used to observe, describe, measure, analyze or manage edge at the Nursery N1-N3 level.",Teacher: 'Can you find or show edge in our garden?',MicroGrow Garden
NV-0068,Nursery N1-N3,Shape,Garden Foundations,"A GrowMeal concept used to observe, describe, measure, analyze or manage shape at the Nursery N1-N3 level.",Teacher: 'Can you find or show shape in our garden?',Mini Table Garden
NV-0069,Nursery N1-N3,Circle,Garden Foundations,"A GrowMeal concept used to observe, describe, measure, analyze or manage circle at the Nursery N1-N3 level.",Teacher: 'Can you find or show circle in our garden?',Sack Garden
NV-0070,Nursery N1-N3,Square,Garden Foundations,"A GrowMeal concept used to observe, describe, measure, analyze or manage square at the Nursery N1-N3 level.",Teacher: 'Can you find or show square in our garden?',Discovery Garden
NV-0071,Nursery N1-N3,Triangle,Garden Foundations,"A GrowMeal concept used to observe, describe, measure, analyze or manage triangle at the Nursery N1-N3 level.",Teacher: 'Can you find or show triangle in our garden?',Alphabet Garden
NV-0072,Nursery N1-N3,Line,Garden Foundations,"A GrowMeal concept used to observe, describe, measure, analyze or manage line at the Nursery N1-N3 level.",Teacher: 'Can you find or show line in our garden?',Number Garden
NV-0073,Nursery N1-N3,Corner,Garden Foundations,"A GrowMeal concept used to observe, describe, measure, analyze or manage corner at the Nursery N1-N3 level.",Teacher: 'Can you find or show corner in our garden?',Geometry Garden
NV-0074,Nursery N1-N3,Side,Garden Foundations,"A GrowMeal concept used to observe, describe, measure, analyze or manage side at the Nursery N1-N3 level.",Teacher: 'Can you find or show side in our garden?',Leaf Garden
NV-0075,Nursery N1-N3,Top,Garden Foundations,"A GrowMeal concept used to observe, describe, measure, analyze or manage top at the Nursery N1-N3 level.",Teacher: 'Can you find or show top in our garden?',Butterfly Garden
NV-0076,Nursery N1-N3,Bottom,Garden Foundations,"A GrowMeal concept used to observe, describe, measure, analyze or manage bottom at the Nursery N1-N3 level.",Teacher: 'Can you find or show bottom in our garden?',ReBottle Garden
NV-0077,Nursery N1-N3,Inside,Garden Foundations,"A GrowMeal concept used to observe, describe, measure, analyze or manage inside at the Nursery N1-N3 level.",Teacher: 'Can you find or show inside in our garden?',MicroGrow Garden
NV-0078,Nursery N1-N3,Outside,Garden Foundations,"A GrowMeal concept used to observe, describe, measure, analyze or manage outside at the Nursery N1-N3 level.",Teacher: 'Can you find or show outside in our garden?',Mini Table Garden
NV-0079,Nursery N1-N3,Near,Garden Foundations,"A GrowMeal concept used to observe, describe, measure, analyze or manage near at the Nursery N1-N3 level.",Teacher: 'Can you find or show near in our garden?',Sack Garden
NV-0080,Nursery N1-N3,Far,Garden Foundations,"A GrowMeal concept used to observe, describe, measure, analyze or manage far at the Nursery N1-N3 level.",Teacher: 'Can you find or show far in our garden?',Discovery Garden
NV-0081,Nursery N1-N3,Butterfly,Garden Foundations,"A GrowMeal concept used to observe, describe, measure, analyze or manage butterfly at the Nursery N1-N3 level.",Teacher: 'Can you find or show butterfly in our garden?',Alphabet Garden
NV-0082,Nursery N1-N3,Bee,Garden Foundations,"A GrowMeal concept used to observe, describe, measure, analyze or manage bee at the Nursery N1-N3 level.",Teacher: 'Can you find or show bee in our garden?',Number Garden
NV-0083,Nursery N1-N3,Ant,Garden Foundations,"A GrowMeal concept used to observe, describe, measure, analyze or manage ant at the Nursery N1-N3 level.",Teacher: 'Can you find or show ant in our garden?',Geometry Garden
NV-0084,Nursery N1-N3,Worm,Garden Foundations,"A GrowMeal concept used to observe, describe, measure, analyze or manage worm at the Nursery N1-N3 level.",Teacher: 'Can you find or show worm in our garden?',Leaf Garden
NV-0085,Nursery N1-N3,Bird,Garden Foundations,"A GrowMeal concept used to observe, describe, measure, analyze or manage bird at the Nursery N1-N3 level.",Teacher: 'Can you find or show bird in our garden?',Butterfly Garden
NV-0086,Nursery N1-N3,Visitor,Garden Foundations,"A GrowMeal concept used to observe, describe, measure, analyze or manage visitor at the Nursery N1-N3 level.",Teacher: 'Can you find or show visitor in our garden?',ReBottle Garden
NV-0087,Nursery N1-N3,Insect,Garden Foundations,"A GrowMeal concept used to observe, describe, measure, analyze or manage insect at the Nursery N1-N3 level.",Teacher: 'Can you find or show insect in our garden?',MicroGrow Garden
NV-0088,Nursery N1-N3,Label,Garden Foundations,"A GrowMeal concept used to observe, describe, measure, analyze or manage label at the Nursery N1-N3 level.",Teacher: 'Can you find or show label in our garden?',Mini Table Garden
NV-0089,Nursery N1-N3,Letter,Garden Foundations,"A GrowMeal concept used to observe, describe, measure, analyze or manage letter at the Nursery N1-N3 level.",Teacher: 'Can you find or show letter in our garden?',Sack Garden
NV-0090,Nursery N1-N3,Number,Garden Foundations,"A GrowMeal concept used to observe, describe, measure, analyze or manage number at the Nursery N1-N3 level.",Teacher: 'Can you find or show number in our garden?',Discovery Garden
NV-0091,Nursery N1-N3,Name,Garden Foundations,"A GrowMeal concept used to observe, describe, measure, analyze or manage name at the Nursery N1-N3 level.",Teacher: 'Can you find or show name in our garden?',Alphabet Garden
NV-0092,Nursery N1-N3,Color,Garden Foundations,"A GrowMeal concept used to observe, describe, measure, analyze or manage color at the Nursery N1-N3 level.",Teacher: 'Can you find or show color in our garden?',Number Garden
NV-0093,Nursery N1-N3,Size,Garden Foundations,"A GrowMeal concept used to observe, describe, measure, analyze or manage size at the Nursery N1-N3 level.",Teacher: 'Can you find or show size in our garden?',Geometry Garden
NV-0094,Nursery N1-N3,Texture,Garden Foundations,"A GrowMeal concept used to observe, describe, measure, analyze or manage texture at the Nursery N1-N3 level.",Teacher: 'Can you find or show texture in our garden?',Leaf Garden
NV-0095,Nursery N1-N3,Clean,Garden Foundations,"A GrowMeal concept used to observe, describe, measure, analyze or manage clean at the Nursery N1-N3 level.",Teacher: 'Can you find or show clean in our garden?',Butterfly Garden
NV-0096,Nursery N1-N3,Safe,Garden Foundations,"A GrowMeal concept used to observe, describe, measure, analyze or manage safe at the Nursery N1-N3 level.",Teacher: 'Can you find or show safe in our garden?',ReBottle Garden
NV-0097,Nursery N1-N3,Wash,Garden Foundations,"A GrowMeal concept used to observe, describe, measure, analyze or manage wash at the Nursery N1-N3 level.",Teacher: 'Can you find or show wash in our garden?',MicroGrow Garden
NV-0098,Nursery N1-N3,Share,Garden Foundations,"A GrowMeal concept used to observe, describe, measure, analyze or manage share at the Nursery N1-N3 level.",Teacher: 'Can you find or show share in our garden?',Mini Table Garden
NV-0099,Nursery N1-N3,Observe,Garden Foundations,"A GrowMeal concept used to observe, describe, measure, analyze or manage observe at the Nursery N1-N3 level.",Teacher: 'Can you find or show observe in our garden?',Sack Garden
NV-0100,Nursery N1-N3,Basic Condition,Garden Foundations,"A GrowMeal concept used to observe, describe, measure, analyze or manage basic condition at the Nursery N1-N3 level.",Teacher: 'Can you find or show basic condition in our garden?',Discovery Garden
NV-0101,Nursery N1-N3,Basic Response,Garden Foundations,"A GrowMeal concept used to observe, describe, measure, analyze or manage basic response at the Nursery N1-N3 level.",Teacher: 'Can you find or show basic response in our garden?',Alphabet Garden
NV-0102,Nursery N1-N3,Basic Measurement,Garden Foundations,"A GrowMeal concept used to observe, describe, measure, analyze or manage basic measurement at the Nursery N1-N3 level.",Teacher: 'Can you find or show basic measurement in our garden?',Number Garden
NV-0103,Nursery N1-N3,Basic Record,Garden Foundations,"A GrowMeal concept used to observe, describe, measure, analyze or manage basic record at the Nursery N1-N3 level.",Teacher: 'Can you find or show basic record in our garden?',Geometry Garden
NV-0104,Nursery N1-N3,Basic Indicator,Garden Foundations,"A GrowMeal concept used to observe, describe, measure, analyze or manage basic indicator at the Nursery N1-N3 level.",Teacher: 'Can you find or show basic indicator in our garden?',Leaf Garden
NV-0105,Nursery N1-N3,Basic Value,Garden Foundations,"A GrowMeal concept used to observe, describe, measure, analyze or manage basic value at the Nursery N1-N3 level.",Teacher: 'Can you find or show basic value in our garden?',Butterfly Garden
NV-0106,Nursery N1-N3,Basic Change,Garden Foundations,"A GrowMeal concept used to observe, describe, measure, analyze or manage basic change at the Nursery N1-N3 level.",Teacher: 'Can you find or show basic change in our garden?',ReBottle Garden
NV-0107,Nursery N1-N3,Basic Pattern,Garden Foundations,"A GrowMeal concept used to observe, describe, measure, analyze or manage basic pattern at the Nursery N1-N3 level.",Teacher: 'Can you find or show basic pattern in our garden?',MicroGrow Garden
NV-0108,Nursery N1-N3,Basic Comparison,Garden Foundations,"A GrowMeal concept used to observe, describe, measure, analyze or manage basic comparison at the Nursery N1-N3 level.",Teacher: 'Can you find or show basic comparison in our garden?',Mini Table Garden
NV-0109,Nursery N1-N3,Basic Distribution,Garden Foundations,"A GrowMeal concept used to observe, describe, measure, analyze or manage basic distribution at the Nursery N1-N3 level.",Teacher: 'Can you find or show basic distribution in our garden?',Sack Garden
NV-0110,Nursery N1-N3,Basic Performance,Garden Foundations,"A GrowMeal concept used to observe, describe, measure, analyze or manage basic performance at the Nursery N1-N3 level.",Teacher: 'Can you find or show basic performance in our garden?',Discovery Garden
NV-0111,Nursery N1-N3,Basic Quality,Garden Foundations,"A GrowMeal concept used to observe, describe, measure, analyze or manage basic quality at the Nursery N1-N3 level.",Teacher: 'Can you find or show basic quality in our garden?',Alphabet Garden
NV-0112,Nursery N1-N3,Basic Status,Garden Foundations,"A GrowMeal concept used to observe, describe, measure, analyze or manage basic status at the Nursery N1-N3 level.",Teacher: 'Can you find or show basic status in our garden?',Number Garden
NV-0113,Nursery N1-N3,Basic Management,Garden Foundations,"A GrowMeal concept used to observe, describe, measure, analyze or manage basic management at the Nursery N1-N3 level.",Teacher: 'Can you find or show basic management in our garden?',Geometry Garden
NV-0114,Nursery N1-N3,Basic Requirement,Engineering & Decision,"A GrowMeal concept used to observe, describe, measure, analyze or manage basic requirement at the Nursery N1-N3 level.",Teacher: 'Can you find or show basic requirement in our garden?',Leaf Garden
NV-0115,Nursery N1-N3,Basic Limit,Garden Foundations,"A GrowMeal concept used to observe, describe, measure, analyze or manage basic limit at the Nursery N1-N3 level.",Teacher: 'Can you find or show basic limit in our garden?',Butterfly Garden
NV-0116,Nursery N1-N3,Basic Target,Garden Foundations,"A GrowMeal concept used to observe, describe, measure, analyze or manage basic target at the Nursery N1-N3 level.",Teacher: 'Can you find or show basic target in our garden?',ReBottle Garden
NV-0117,Nursery N1-N3,Basic Threshold,Garden Foundations,"A GrowMeal concept used to observe, describe, measure, analyze or manage basic threshold at the Nursery N1-N3 level.",Teacher: 'Can you find or show basic threshold in our garden?',MicroGrow Garden
NV-0118,Nursery N1-N3,Basic Efficiency,Garden Foundations,A performance measure comparing useful output with the resource or input used for basic.,Teacher: 'Can you find or show basic efficiency in our garden?',Mini Table Garden
NV-0119,Nursery N1-N3,Basic Productivity,Garden Foundations,"A GrowMeal concept used to observe, describe, measure, analyze or manage basic productivity at the Nursery N1-N3 level.",Teacher: 'Can you find or show basic productivity in our garden?',Sack Garden
NV-0120,Nursery N1-N3,Garden Condition,Garden Foundations,A planned growing or learning space associated with garden condition.,Teacher: 'Can you find or show garden condition in our garden?',Discovery Garden
NV-0121,Nursery N1-N3,Garden Response,Garden Foundations,A planned growing or learning space associated with garden response.,Teacher: 'Can you find or show garden response in our garden?',Alphabet Garden
NV-0122,Nursery N1-N3,Garden Measurement,Garden Foundations,A planned growing or learning space associated with garden measurement.,Teacher: 'Can you find or show garden measurement in our garden?',Number Garden
NV-0123,Nursery N1-N3,Garden Record,Garden Foundations,A planned growing or learning space associated with garden record.,Teacher: 'Can you find or show garden record in our garden?',Geometry Garden
NV-0124,Nursery N1-N3,Garden Indicator,Garden Foundations,A planned growing or learning space associated with garden indicator.,Teacher: 'Can you find or show garden indicator in our garden?',Leaf Garden
NV-0125,Nursery N1-N3,Garden Value,Garden Foundations,A planned growing or learning space associated with garden value.,Teacher: 'Can you find or show garden value in our garden?',Butterfly Garden
NV-0126,Nursery N1-N3,Garden Change,Garden Foundations,A planned growing or learning space associated with garden change.,Teacher: 'Can you find or show garden change in our garden?',ReBottle Garden
NV-0127,Nursery N1-N3,Garden Pattern,Garden Foundations,A planned growing or learning space associated with garden pattern.,Teacher: 'Can you find or show garden pattern in our garden?',MicroGrow Garden
NV-0128,Nursery N1-N3,Garden Comparison,Garden Foundations,A planned growing or learning space associated with garden comparison.,Teacher: 'Can you find or show garden comparison in our garden?',Mini Table Garden
NV-0129,Nursery N1-N3,Garden Distribution,Garden Foundations,A planned growing or learning space associated with garden distribution.,Teacher: 'Can you find or show garden distribution in our garden?',Sack Garden
NV-0130,Nursery N1-N3,Garden Performance,Garden Foundations,A planned growing or learning space associated with garden performance.,Teacher: 'Can you find or show garden performance in our garden?',Discovery Garden
NV-0131,Nursery N1-N3,Garden Quality,Garden Foundations,A planned growing or learning space associated with garden quality.,Teacher: 'Can you find or show garden quality in our garden?',Alphabet Garden
NV-0132,Nursery N1-N3,Garden Status,Garden Foundations,A planned growing or learning space associated with garden status.,Teacher: 'Can you find or show garden status in our garden?',Number Garden
NV-0133,Nursery N1-N3,Garden Management,Garden Foundations,A planned growing or learning space associated with garden management.,Teacher: 'Can you find or show garden management in our garden?',Geometry Garden
NV-0134,Nursery N1-N3,Garden Requirement,Engineering & Decision,A planned growing or learning space associated with garden requirement.,Teacher: 'Can you find or show garden requirement in our garden?',Leaf Garden
NV-0135,Nursery N1-N3,Garden Limit,Garden Foundations,A planned growing or learning space associated with garden limit.,Teacher: 'Can you find or show garden limit in our garden?',Butterfly Garden
NV-0136,Nursery N1-N3,Garden Target,Garden Foundations,A planned growing or learning space associated with garden target.,Teacher: 'Can you find or show garden target in our garden?',ReBottle Garden
NV-0137,Nursery N1-N3,Garden Threshold,Garden Foundations,A planned growing or learning space associated with garden threshold.,Teacher: 'Can you find or show garden threshold in our garden?',MicroGrow Garden
NV-0138,Nursery N1-N3,Garden Efficiency,Garden Foundations,A performance measure comparing useful output with the resource or input used for garden.,Teacher: 'Can you find or show garden efficiency in our garden?',Mini Table Garden
NV-0139,Nursery N1-N3,Garden Productivity,Garden Foundations,A planned growing or learning space associated with garden productivity.,Teacher: 'Can you find or show garden productivity in our garden?',Sack Garden
NV-0140,Nursery N1-N3,Plant Condition,Plant & Production,"A GrowMeal concept used to observe, describe, measure, analyze or manage plant condition at the Nursery N1-N3 level.",Teacher: 'Can you find or show plant condition in our garden?',Discovery Garden
NV-0141,Nursery N1-N3,Plant Response,Plant & Production,"A GrowMeal concept used to observe, describe, measure, analyze or manage plant response at the Nursery N1-N3 level.",Teacher: 'Can you find or show plant response in our garden?',Alphabet Garden
NV-0142,Nursery N1-N3,Plant Measurement,Plant & Production,"A GrowMeal concept used to observe, describe, measure, analyze or manage plant measurement at the Nursery N1-N3 level.",Teacher: 'Can you find or show plant measurement in our garden?',Number Garden
NV-0143,Nursery N1-N3,Plant Record,Plant & Production,"A GrowMeal concept used to observe, describe, measure, analyze or manage plant record at the Nursery N1-N3 level.",Teacher: 'Can you find or show plant record in our garden?',Geometry Garden
NV-0144,Nursery N1-N3,Plant Indicator,Plant & Production,"A GrowMeal concept used to observe, describe, measure, analyze or manage plant indicator at the Nursery N1-N3 level.",Teacher: 'Can you find or show plant indicator in our garden?',Leaf Garden
NV-0145,Nursery N1-N3,Plant Value,Plant & Production,"A GrowMeal concept used to observe, describe, measure, analyze or manage plant value at the Nursery N1-N3 level.",Teacher: 'Can you find or show plant value in our garden?',Butterfly Garden
NV-0146,Nursery N1-N3,Plant Change,Plant & Production,"A GrowMeal concept used to observe, describe, measure, analyze or manage plant change at the Nursery N1-N3 level.",Teacher: 'Can you find or show plant change in our garden?',ReBottle Garden
NV-0147,Nursery N1-N3,Plant Pattern,Plant & Production,"A GrowMeal concept used to observe, describe, measure, analyze or manage plant pattern at the Nursery N1-N3 level.",Teacher: 'Can you find or show plant pattern in our garden?',MicroGrow Garden
NV-0148,Nursery N1-N3,Plant Comparison,Plant & Production,"A GrowMeal concept used to observe, describe, measure, analyze or manage plant comparison at the Nursery N1-N3 level.",Teacher: 'Can you find or show plant comparison in our garden?',Mini Table Garden
NV-0149,Nursery N1-N3,Plant Distribution,Plant & Production,"A GrowMeal concept used to observe, describe, measure, analyze or manage plant distribution at the Nursery N1-N3 level.",Teacher: 'Can you find or show plant distribution in our garden?',Sack Garden
NV-0150,Nursery N1-N3,Plant Performance,Plant & Production,"A GrowMeal concept used to observe, describe, measure, analyze or manage plant performance at the Nursery N1-N3 level.",Teacher: 'Can you find or show plant performance in our garden?',Discovery Garden
NV-0151,Nursery N1-N3,Plant Quality,Plant & Production,"A GrowMeal concept used to observe, describe, measure, analyze or manage plant quality at the Nursery N1-N3 level.",Teacher: 'Can you find or show plant quality in our garden?',Alphabet Garden
NV-0152,Nursery N1-N3,Plant Status,Plant & Production,"A GrowMeal concept used to observe, describe, measure, analyze or manage plant status at the Nursery N1-N3 level.",Teacher: 'Can you find or show plant status in our garden?',Number Garden
NV-0153,Nursery N1-N3,Plant Management,Plant & Production,"A GrowMeal concept used to observe, describe, measure, analyze or manage plant management at the Nursery N1-N3 level.",Teacher: 'Can you find or show plant management in our garden?',Geometry Garden
NV-0154,Nursery N1-N3,Plant Requirement,Plant & Production,"A GrowMeal concept used to observe, describe, measure, analyze or manage plant requirement at the Nursery N1-N3 level.",Teacher: 'Can you find or show plant requirement in our garden?',Leaf Garden
NV-0155,Nursery N1-N3,Plant Limit,Plant & Production,"A GrowMeal concept used to observe, describe, measure, analyze or manage plant limit at the Nursery N1-N3 level.",Teacher: 'Can you find or show plant limit in our garden?',Butterfly Garden
NV-0156,Nursery N1-N3,Plant Target,Plant & Production,"A GrowMeal concept used to observe, describe, measure, analyze or manage plant target at the Nursery N1-N3 level.",Teacher: 'Can you find or show plant target in our garden?',ReBottle Garden
NV-0157,Nursery N1-N3,Plant Threshold,Plant & Production,"A GrowMeal concept used to observe, describe, measure, analyze or manage plant threshold at the Nursery N1-N3 level.",Teacher: 'Can you find or show plant threshold in our garden?',MicroGrow Garden
NV-0158,Nursery N1-N3,Plant Efficiency,Plant & Production,A performance measure comparing useful output with the resource or input used for plant.,Teacher: 'Can you find or show plant efficiency in our garden?',Mini Table Garden
NV-0159,Nursery N1-N3,Plant Productivity,Plant & Production,"A GrowMeal concept used to observe, describe, measure, analyze or manage plant productivity at the Nursery N1-N3 level.",Teacher: 'Can you find or show plant productivity in our garden?',Sack Garden
NV-0160,Nursery N1-N3,Crop Condition,Plant & Production,A crop-production concept used to describe or evaluate crop condition.,Teacher: 'Can you find or show crop condition in our garden?',Discovery Garden
NV-0161,Nursery N1-N3,Crop Response,Plant & Production,A crop-production concept used to describe or evaluate crop response.,Teacher: 'Can you find or show crop response in our garden?',Alphabet Garden
NV-0162,Nursery N1-N3,Crop Measurement,Plant & Production,A crop-production concept used to describe or evaluate crop measurement.,Teacher: 'Can you find or show crop measurement in our garden?',Number Garden
NV-0163,Nursery N1-N3,Crop Record,Plant & Production,A crop-production concept used to describe or evaluate crop record.,Teacher: 'Can you find or show crop record in our garden?',Geometry Garden
NV-0164,Nursery N1-N3,Crop Indicator,Plant & Production,A crop-production concept used to describe or evaluate crop indicator.,Teacher: 'Can you find or show crop indicator in our garden?',Leaf Garden
NV-0165,Nursery N1-N3,Crop Value,Plant & Production,A crop-production concept used to describe or evaluate crop value.,Teacher: 'Can you find or show crop value in our garden?',Butterfly Garden
NV-0166,Nursery N1-N3,Crop Change,Plant & Production,A crop-production concept used to describe or evaluate crop change.,Teacher: 'Can you find or show crop change in our garden?',ReBottle Garden
NV-0167,Nursery N1-N3,Crop Pattern,Plant & Production,A crop-production concept used to describe or evaluate crop pattern.,Teacher: 'Can you find or show crop pattern in our garden?',MicroGrow Garden
NV-0168,Nursery N1-N3,Crop Comparison,Plant & Production,A crop-production concept used to describe or evaluate crop comparison.,Teacher: 'Can you find or show crop comparison in our garden?',Mini Table Garden
NV-0169,Nursery N1-N3,Crop Distribution,Plant & Production,A crop-production concept used to describe or evaluate crop distribution.,Teacher: 'Can you find or show crop distribution in our garden?',Sack Garden
NV-0170,Nursery N1-N3,Crop Performance,Plant & Production,A crop-production concept used to describe or evaluate crop performance.,Teacher: 'Can you find or show crop performance in our garden?',Discovery Garden
NV-0171,Nursery N1-N3,Crop Quality,Plant & Production,A crop-production concept used to describe or evaluate crop quality.,Teacher: 'Can you find or show crop quality in our garden?',Alphabet Garden
NV-0172,Nursery N1-N3,Crop Status,Plant & Production,A crop-production concept used to describe or evaluate crop status.,Teacher: 'Can you find or show crop status in our garden?',Number Garden
NV-0173,Nursery N1-N3,Crop Management,Plant & Production,A crop-production concept used to describe or evaluate crop management.,Teacher: 'Can you find or show crop management in our garden?',Geometry Garden
NV-0174,Nursery N1-N3,Crop Requirement,Plant & Production,A crop-production concept used to describe or evaluate crop requirement.,Teacher: 'Can you find or show crop requirement in our garden?',Leaf Garden
NV-0175,Nursery N1-N3,Crop Limit,Plant & Production,A crop-production concept used to describe or evaluate crop limit.,Teacher: 'Can you find or show crop limit in our garden?',Butterfly Garden
NV-0176,Nursery N1-N3,Crop Target,Plant & Production,A crop-production concept used to describe or evaluate crop target.,Teacher: 'Can you find or show crop target in our garden?',ReBottle Garden
NV-0177,Nursery N1-N3,Crop Threshold,Plant & Production,A crop-production concept used to describe or evaluate crop threshold.,Teacher: 'Can you find or show crop threshold in our garden?',MicroGrow Garden
NV-0178,Nursery N1-N3,Crop Efficiency,Plant & Production,A performance measure comparing useful output with the resource or input used for crop.,Teacher: 'Can you find or show crop efficiency in our garden?',Mini Table Garden
NV-0179,Nursery N1-N3,Crop Productivity,Plant & Production,A crop-production concept used to describe or evaluate crop productivity.,Teacher: 'Can you find or show crop productivity in our garden?',Sack Garden
NV-0180,Nursery N1-N3,Soil Condition,Soil / Growing Medium,"A soil-related property, process or management concept: soil condition.",Teacher: 'Can you find or show soil condition in our garden?',Discovery Garden
NV-0181,Nursery N1-N3,Soil Response,Soil / Growing Medium,"A soil-related property, process or management concept: soil response.",Teacher: 'Can you find or show soil response in our garden?',Alphabet Garden
NV-0182,Nursery N1-N3,Soil Measurement,Soil / Growing Medium,"A soil-related property, process or management concept: soil measurement.",Teacher: 'Can you find or show soil measurement in our garden?',Number Garden
NV-0183,Nursery N1-N3,Soil Record,Soil / Growing Medium,"A soil-related property, process or management concept: soil record.",Teacher: 'Can you find or show soil record in our garden?',Geometry Garden
NV-0184,Nursery N1-N3,Soil Indicator,Soil / Growing Medium,"A soil-related property, process or management concept: soil indicator.",Teacher: 'Can you find or show soil indicator in our garden?',Leaf Garden
NV-0185,Nursery N1-N3,Soil Value,Soil / Growing Medium,"A soil-related property, process or management concept: soil value.",Teacher: 'Can you find or show soil value in our garden?',Butterfly Garden
NV-0186,Nursery N1-N3,Soil Change,Soil / Growing Medium,"A soil-related property, process or management concept: soil change.",Teacher: 'Can you find or show soil change in our garden?',ReBottle Garden
NV-0187,Nursery N1-N3,Soil Pattern,Soil / Growing Medium,"A soil-related property, process or management concept: soil pattern.",Teacher: 'Can you find or show soil pattern in our garden?',MicroGrow Garden
NV-0188,Nursery N1-N3,Soil Comparison,Soil / Growing Medium,"A soil-related property, process or management concept: soil comparison.",Teacher: 'Can you find or show soil comparison in our garden?',Mini Table Garden
NV-0189,Nursery N1-N3,Soil Distribution,Soil / Growing Medium,"A soil-related property, process or management concept: soil distribution.",Teacher: 'Can you find or show soil distribution in our garden?',Sack Garden
NV-0190,Nursery N1-N3,Soil Performance,Soil / Growing Medium,"A soil-related property, process or management concept: soil performance.",Teacher: 'Can you find or show soil performance in our garden?',Discovery Garden
NV-0191,Nursery N1-N3,Soil Quality,Soil / Growing Medium,"A soil-related property, process or management concept: soil quality.",Teacher: 'Can you find or show soil quality in our garden?',Alphabet Garden
NV-0192,Nursery N1-N3,Soil Status,Soil / Growing Medium,"A soil-related property, process or management concept: soil status.",Teacher: 'Can you find or show soil status in our garden?',Number Garden
NV-0193,Nursery N1-N3,Soil Management,Soil / Growing Medium,"A soil-related property, process or management concept: soil management.",Teacher: 'Can you find or show soil management in our garden?',Geometry Garden
NV-0194,Nursery N1-N3,Soil Requirement,Soil / Growing Medium,"A soil-related property, process or management concept: soil requirement.",Teacher: 'Can you find or show soil requirement in our garden?',Leaf Garden
NV-0195,Nursery N1-N3,Soil Limit,Soil / Growing Medium,"A soil-related property, process or management concept: soil limit.",Teacher: 'Can you find or show soil limit in our garden?',Butterfly Garden
NV-0196,Nursery N1-N3,Soil Target,Soil / Growing Medium,"A soil-related property, process or management concept: soil target.",Teacher: 'Can you find or show soil target in our garden?',ReBottle Garden
NV-0197,Nursery N1-N3,Soil Threshold,Soil / Growing Medium,"A soil-related property, process or management concept: soil threshold.",Teacher: 'Can you find or show soil threshold in our garden?',MicroGrow Garden
NV-0198,Nursery N1-N3,Soil Efficiency,Soil / Growing Medium,A performance measure comparing useful output with the resource or input used for soil.,Teacher: 'Can you find or show soil efficiency in our garden?',Mini Table Garden
NV-0199,Nursery N1-N3,Soil Productivity,Soil / Growing Medium,"A soil-related property, process or management concept: soil productivity.",Teacher: 'Can you find or show soil productivity in our garden?',Sack Garden
NV-0200,Nursery N1-N3,Water Condition,Water & Irrigation,"A concept used to describe, measure or manage water within the growing system: water condition.",Teacher: 'Can you find or show water condition in our garden?',Discovery Garden
NV-0201,Nursery N1-N3,Water Response,Water & Irrigation,"A concept used to describe, measure or manage water within the growing system: water response.",Teacher: 'Can you find or show water response in our garden?',Alphabet Garden
NV-0202,Nursery N1-N3,Water Measurement,Water & Irrigation,"A concept used to describe, measure or manage water within the growing system: water measurement.",Teacher: 'Can you find or show water measurement in our garden?',Number Garden
NV-0203,Nursery N1-N3,Water Record,Water & Irrigation,"A concept used to describe, measure or manage water within the growing system: water record.",Teacher: 'Can you find or show water record in our garden?',Geometry Garden
NV-0204,Nursery N1-N3,Water Indicator,Water & Irrigation,"A concept used to describe, measure or manage water within the growing system: water indicator.",Teacher: 'Can you find or show water indicator in our garden?',Leaf Garden
NV-0205,Nursery N1-N3,Water Value,Water & Irrigation,"A concept used to describe, measure or manage water within the growing system: water value.",Teacher: 'Can you find or show water value in our garden?',Butterfly Garden
NV-0206,Nursery N1-N3,Water Change,Water & Irrigation,"A concept used to describe, measure or manage water within the growing system: water change.",Teacher: 'Can you find or show water change in our garden?',ReBottle Garden
NV-0207,Nursery N1-N3,Water Pattern,Water & Irrigation,"A concept used to describe, measure or manage water within the growing system: water pattern.",Teacher: 'Can you find or show water pattern in our garden?',MicroGrow Garden
NV-0208,Nursery N1-N3,Water Comparison,Water & Irrigation,"A concept used to describe, measure or manage water within the growing system: water comparison.",Teacher: 'Can you find or show water comparison in our garden?',Mini Table Garden
NV-0209,Nursery N1-N3,Water Distribution,Water & Irrigation,"A concept used to describe, measure or manage water within the growing system: water distribution.",Teacher: 'Can you find or show water distribution in our garden?',Sack Garden
NV-0210,Nursery N1-N3,Water Performance,Water & Irrigation,"A concept used to describe, measure or manage water within the growing system: water performance.",Teacher: 'Can you find or show water performance in our garden?',Discovery Garden
NV-0211,Nursery N1-N3,Water Quality,Water & Irrigation,"A concept used to describe, measure or manage water within the growing system: water quality.",Teacher: 'Can you find or show water quality in our garden?',Alphabet Garden
NV-0212,Nursery N1-N3,Water Status,Water & Irrigation,"A concept used to describe, measure or manage water within the growing system: water status.",Teacher: 'Can you find or show water status in our garden?',Number Garden
NV-0213,Nursery N1-N3,Water Management,Water & Irrigation,"A concept used to describe, measure or manage water within the growing system: water management.",Teacher: 'Can you find or show water management in our garden?',Geometry Garden
NV-0214,Nursery N1-N3,Water Requirement,Water & Irrigation,"A concept used to describe, measure or manage water within the growing system: water requirement.",Teacher: 'Can you find or show water requirement in our garden?',Leaf Garden
NV-0215,Nursery N1-N3,Water Limit,Water & Irrigation,"A concept used to describe, measure or manage water within the growing system: water limit.",Teacher: 'Can you find or show water limit in our garden?',Butterfly Garden
NV-0216,Nursery N1-N3,Water Target,Water & Irrigation,"A concept used to describe, measure or manage water within the growing system: water target.",Teacher: 'Can you find or show water target in our garden?',ReBottle Garden
NV-0217,Nursery N1-N3,Water Threshold,Water & Irrigation,"A concept used to describe, measure or manage water within the growing system: water threshold.",Teacher: 'Can you find or show water threshold in our garden?',MicroGrow Garden
NV-0218,Nursery N1-N3,Water Efficiency,Water & Irrigation,A performance measure comparing useful output with the resource or input used for water.,Teacher: 'Can you find or show water efficiency in our garden?',Mini Table Garden
NV-0219,Nursery N1-N3,Water Productivity,Water & Irrigation,"A concept used to describe, measure or manage water within the growing system: water productivity.",Teacher: 'Can you find or show water productivity in our garden?',Sack Garden
NV-0220,Nursery N1-N3,Root-Zone Condition,Plant & Production,"A GrowMeal concept used to observe, describe, measure, analyze or manage root-zone condition at the Nursery N1-N3 level.",Teacher: 'Can you find or show root-zone condition in our garden?',Discovery Garden
NV-0221,Nursery N1-N3,Root-Zone Response,Plant & Production,"A GrowMeal concept used to observe, describe, measure, analyze or manage root-zone response at the Nursery N1-N3 level.",Teacher: 'Can you find or show root-zone response in our garden?',Alphabet Garden
NV-0222,Nursery N1-N3,Root-Zone Measurement,Plant & Production,"A GrowMeal concept used to observe, describe, measure, analyze or manage root-zone measurement at the Nursery N1-N3 level.",Teacher: 'Can you find or show root-zone measurement in our garden?',Number Garden
NV-0223,Nursery N1-N3,Root-Zone Record,Plant & Production,"A GrowMeal concept used to observe, describe, measure, analyze or manage root-zone record at the Nursery N1-N3 level.",Teacher: 'Can you find or show root-zone record in our garden?',Geometry Garden
NV-0224,Nursery N1-N3,Root-Zone Indicator,Plant & Production,"A GrowMeal concept used to observe, describe, measure, analyze or manage root-zone indicator at the Nursery N1-N3 level.",Teacher: 'Can you find or show root-zone indicator in our garden?',Leaf Garden
NV-0225,Nursery N1-N3,Root-Zone Value,Plant & Production,"A GrowMeal concept used to observe, describe, measure, analyze or manage root-zone value at the Nursery N1-N3 level.",Teacher: 'Can you find or show root-zone value in our garden?',Butterfly Garden
NV-0226,Nursery N1-N3,Root-Zone Change,Plant & Production,"A GrowMeal concept used to observe, describe, measure, analyze or manage root-zone change at the Nursery N1-N3 level.",Teacher: 'Can you find or show root-zone change in our garden?',ReBottle Garden
NV-0227,Nursery N1-N3,Root-Zone Pattern,Plant & Production,"A GrowMeal concept used to observe, describe, measure, analyze or manage root-zone pattern at the Nursery N1-N3 level.",Teacher: 'Can you find or show root-zone pattern in our garden?',MicroGrow Garden
NV-0228,Nursery N1-N3,Root-Zone Comparison,Plant & Production,"A GrowMeal concept used to observe, describe, measure, analyze or manage root-zone comparison at the Nursery N1-N3 level.",Teacher: 'Can you find or show root-zone comparison in our garden?',Mini Table Garden
NV-0229,Nursery N1-N3,Root-Zone Distribution,Plant & Production,"A GrowMeal concept used to observe, describe, measure, analyze or manage root-zone distribution at the Nursery N1-N3 level.",Teacher: 'Can you find or show root-zone distribution in our garden?',Sack Garden
NV-0230,Nursery N1-N3,Root-Zone Performance,Plant & Production,"A GrowMeal concept used to observe, describe, measure, analyze or manage root-zone performance at the Nursery N1-N3 level.",Teacher: 'Can you find or show root-zone performance in our garden?',Discovery Garden
NV-0231,Nursery N1-N3,Root-Zone Quality,Plant & Production,"A GrowMeal concept used to observe, describe, measure, analyze or manage root-zone quality at the Nursery N1-N3 level.",Teacher: 'Can you find or show root-zone quality in our garden?',Alphabet Garden
NV-0232,Nursery N1-N3,Root-Zone Status,Plant & Production,"A GrowMeal concept used to observe, describe, measure, analyze or manage root-zone status at the Nursery N1-N3 level.",Teacher: 'Can you find or show root-zone status in our garden?',Number Garden
NV-0233,Nursery N1-N3,Root-Zone Management,Plant & Production,"A GrowMeal concept used to observe, describe, measure, analyze or manage root-zone management at the Nursery N1-N3 level.",Teacher: 'Can you find or show root-zone management in our garden?',Geometry Garden
NV-0234,Nursery N1-N3,Root-Zone Requirement,Plant & Production,"A GrowMeal concept used to observe, describe, measure, analyze or manage root-zone requirement at the Nursery N1-N3 level.",Teacher: 'Can you find or show root-zone requirement in our garden?',Leaf Garden
NV-0235,Nursery N1-N3,Root-Zone Limit,Plant & Production,"A GrowMeal concept used to observe, describe, measure, analyze or manage root-zone limit at the Nursery N1-N3 level.",Teacher: 'Can you find or show root-zone limit in our garden?',Butterfly Garden
NV-0236,Nursery N1-N3,Root-Zone Target,Plant & Production,"A GrowMeal concept used to observe, describe, measure, analyze or manage root-zone target at the Nursery N1-N3 level.",Teacher: 'Can you find or show root-zone target in our garden?',ReBottle Garden
NV-0237,Nursery N1-N3,Root-Zone Threshold,Plant & Production,"A GrowMeal concept used to observe, describe, measure, analyze or manage root-zone threshold at the Nursery N1-N3 level.",Teacher: 'Can you find or show root-zone threshold in our garden?',MicroGrow Garden
NV-0238,Nursery N1-N3,Root-Zone Efficiency,Plant & Production,A performance measure comparing useful output with the resource or input used for root-zone.,Teacher: 'Can you find or show root-zone efficiency in our garden?',Mini Table Garden
NV-0239,Nursery N1-N3,Root-Zone Productivity,Plant & Production,"A GrowMeal concept used to observe, describe, measure, analyze or manage root-zone productivity at the Nursery N1-N3 level.",Teacher: 'Can you find or show root-zone productivity in our garden?',Sack Garden
NV-0240,Nursery N1-N3,Field Condition,Garden Foundations,"A GrowMeal concept used to observe, describe, measure, analyze or manage field condition at the Nursery N1-N3 level.",Teacher: 'Can you find or show field condition in our garden?',Discovery Garden
NV-0241,Nursery N1-N3,Field Response,Garden Foundations,"A GrowMeal concept used to observe, describe, measure, analyze or manage field response at the Nursery N1-N3 level.",Teacher: 'Can you find or show field response in our garden?',Alphabet Garden
NV-0242,Nursery N1-N3,Field Measurement,Garden Foundations,"A GrowMeal concept used to observe, describe, measure, analyze or manage field measurement at the Nursery N1-N3 level.",Teacher: 'Can you find or show field measurement in our garden?',Number Garden
NV-0243,Nursery N1-N3,Field Record,Garden Foundations,"A GrowMeal concept used to observe, describe, measure, analyze or manage field record at the Nursery N1-N3 level.",Teacher: 'Can you find or show field record in our garden?',Geometry Garden
NV-0244,Nursery N1-N3,Field Indicator,Garden Foundations,"A GrowMeal concept used to observe, describe, measure, analyze or manage field indicator at the Nursery N1-N3 level.",Teacher: 'Can you find or show field indicator in our garden?',Leaf Garden
NV-0245,Nursery N1-N3,Field Value,Garden Foundations,"A GrowMeal concept used to observe, describe, measure, analyze or manage field value at the Nursery N1-N3 level.",Teacher: 'Can you find or show field value in our garden?',Butterfly Garden
NV-0246,Nursery N1-N3,Field Change,Garden Foundations,"A GrowMeal concept used to observe, describe, measure, analyze or manage field change at the Nursery N1-N3 level.",Teacher: 'Can you find or show field change in our garden?',ReBottle Garden
NV-0247,Nursery N1-N3,Field Pattern,Garden Foundations,"A GrowMeal concept used to observe, describe, measure, analyze or manage field pattern at the Nursery N1-N3 level.",Teacher: 'Can you find or show field pattern in our garden?',MicroGrow Garden
NV-0248,Nursery N1-N3,Field Comparison,Garden Foundations,"A GrowMeal concept used to observe, describe, measure, analyze or manage field comparison at the Nursery N1-N3 level.",Teacher: 'Can you find or show field comparison in our garden?',Mini Table Garden
NV-0249,Nursery N1-N3,Field Distribution,Garden Foundations,"A GrowMeal concept used to observe, describe, measure, analyze or manage field distribution at the Nursery N1-N3 level.",Teacher: 'Can you find or show field distribution in our garden?',Sack Garden
NV-0250,Nursery N1-N3,Field Performance,Garden Foundations,"A GrowMeal concept used to observe, describe, measure, analyze or manage field performance at the Nursery N1-N3 level.",Teacher: 'Can you find or show field performance in our garden?',Discovery Garden
NV-0251,Nursery N1-N3,Field Quality,Garden Foundations,"A GrowMeal concept used to observe, describe, measure, analyze or manage field quality at the Nursery N1-N3 level.",Teacher: 'Can you find or show field quality in our garden?',Alphabet Garden
NV-0252,Nursery N1-N3,Field Status,Garden Foundations,"A GrowMeal concept used to observe, describe, measure, analyze or manage field status at the Nursery N1-N3 level.",Teacher: 'Can you find or show field status in our garden?',Number Garden
NV-0253,Nursery N1-N3,Field Management,Garden Foundations,"A GrowMeal concept used to observe, describe, measure, analyze or manage field management at the Nursery N1-N3 level.",Teacher: 'Can you find or show field management in our garden?',Geometry Garden
NV-0254,Nursery N1-N3,Field Requirement,Engineering & Decision,"A GrowMeal concept used to observe, describe, measure, analyze or manage field requirement at the Nursery N1-N3 level.",Teacher: 'Can you find or show field requirement in our garden?',Leaf Garden
NV-0255,Nursery N1-N3,Field Limit,Garden Foundations,"A GrowMeal concept used to observe, describe, measure, analyze or manage field limit at the Nursery N1-N3 level.",Teacher: 'Can you find or show field limit in our garden?',Butterfly Garden
NV-0256,Nursery N1-N3,Field Target,Garden Foundations,"A GrowMeal concept used to observe, describe, measure, analyze or manage field target at the Nursery N1-N3 level.",Teacher: 'Can you find or show field target in our garden?',ReBottle Garden
NV-0257,Nursery N1-N3,Field Threshold,Garden Foundations,"A GrowMeal concept used to observe, describe, measure, analyze or manage field threshold at the Nursery N1-N3 level.",Teacher: 'Can you find or show field threshold in our garden?',MicroGrow Garden
NV-0258,Nursery N1-N3,Field Efficiency,Garden Foundations,A performance measure comparing useful output with the resource or input used for field.,Teacher: 'Can you find or show field efficiency in our garden?',Mini Table Garden
NV-0259,Nursery N1-N3,Field Productivity,Garden Foundations,"A GrowMeal concept used to observe, describe, measure, analyze or manage field productivity at the Nursery N1-N3 level.",Teacher: 'Can you find or show field productivity in our garden?',Sack Garden
NV-0260,Nursery N1-N3,Sample Condition,Investigation & Research,"A GrowMeal concept used to observe, describe, measure, analyze or manage sample condition at the Nursery N1-N3 level.",Teacher: 'Can you find or show sample condition in our garden?',Discovery Garden
NV-0261,Nursery N1-N3,Sample Response,Investigation & Research,"A GrowMeal concept used to observe, describe, measure, analyze or manage sample response at the Nursery N1-N3 level.",Teacher: 'Can you find or show sample response in our garden?',Alphabet Garden
NV-0262,Nursery N1-N3,Sample Measurement,Investigation & Research,"A GrowMeal concept used to observe, describe, measure, analyze or manage sample measurement at the Nursery N1-N3 level.",Teacher: 'Can you find or show sample measurement in our garden?',Number Garden
NV-0263,Nursery N1-N3,Sample Record,Investigation & Research,"A GrowMeal concept used to observe, describe, measure, analyze or manage sample record at the Nursery N1-N3 level.",Teacher: 'Can you find or show sample record in our garden?',Geometry Garden
NV-0264,Nursery N1-N3,Sample Indicator,Investigation & Research,"A GrowMeal concept used to observe, describe, measure, analyze or manage sample indicator at the Nursery N1-N3 level.",Teacher: 'Can you find or show sample indicator in our garden?',Leaf Garden
NV-0265,Nursery N1-N3,Sample Value,Investigation & Research,"A GrowMeal concept used to observe, describe, measure, analyze or manage sample value at the Nursery N1-N3 level.",Teacher: 'Can you find or show sample value in our garden?',Butterfly Garden
NV-0266,Nursery N1-N3,Sample Change,Investigation & Research,"A GrowMeal concept used to observe, describe, measure, analyze or manage sample change at the Nursery N1-N3 level.",Teacher: 'Can you find or show sample change in our garden?',ReBottle Garden
NV-0267,Nursery N1-N3,Sample Pattern,Investigation & Research,"A GrowMeal concept used to observe, describe, measure, analyze or manage sample pattern at the Nursery N1-N3 level.",Teacher: 'Can you find or show sample pattern in our garden?',MicroGrow Garden
NV-0268,Nursery N1-N3,Sample Comparison,Investigation & Research,"A GrowMeal concept used to observe, describe, measure, analyze or manage sample comparison at the Nursery N1-N3 level.",Teacher: 'Can you find or show sample comparison in our garden?',Mini Table Garden
NV-0269,Nursery N1-N3,Sample Distribution,Investigation & Research,"A GrowMeal concept used to observe, describe, measure, analyze or manage sample distribution at the Nursery N1-N3 level.",Teacher: 'Can you find or show sample distribution in our garden?',Sack Garden
NV-0270,Nursery N1-N3,Sample Performance,Investigation & Research,"A GrowMeal concept used to observe, describe, measure, analyze or manage sample performance at the Nursery N1-N3 level.",Teacher: 'Can you find or show sample performance in our garden?',Discovery Garden
NV-0271,Nursery N1-N3,Sample Quality,Investigation & Research,"A GrowMeal concept used to observe, describe, measure, analyze or manage sample quality at the Nursery N1-N3 level.",Teacher: 'Can you find or show sample quality in our garden?',Alphabet Garden
NV-0272,Nursery N1-N3,Sample Status,Investigation & Research,"A GrowMeal concept used to observe, describe, measure, analyze or manage sample status at the Nursery N1-N3 level.",Teacher: 'Can you find or show sample status in our garden?',Number Garden
NV-0273,Nursery N1-N3,Sample Management,Investigation & Research,"A GrowMeal concept used to observe, describe, measure, analyze or manage sample management at the Nursery N1-N3 level.",Teacher: 'Can you find or show sample management in our garden?',Geometry Garden
NV-0274,Nursery N1-N3,Sample Requirement,Investigation & Research,"A GrowMeal concept used to observe, describe, measure, analyze or manage sample requirement at the Nursery N1-N3 level.",Teacher: 'Can you find or show sample requirement in our garden?',Leaf Garden
NV-0275,Nursery N1-N3,Sample Limit,Investigation & Research,"A GrowMeal concept used to observe, describe, measure, analyze or manage sample limit at the Nursery N1-N3 level.",Teacher: 'Can you find or show sample limit in our garden?',Butterfly Garden
NV-0276,Nursery N1-N3,Sample Target,Investigation & Research,"A GrowMeal concept used to observe, describe, measure, analyze or manage sample target at the Nursery N1-N3 level.",Teacher: 'Can you find or show sample target in our garden?',ReBottle Garden
NV-0277,Nursery N1-N3,Sample Threshold,Investigation & Research,"A GrowMeal concept used to observe, describe, measure, analyze or manage sample threshold at the Nursery N1-N3 level.",Teacher: 'Can you find or show sample threshold in our garden?',MicroGrow Garden
NV-0278,Nursery N1-N3,Sample Efficiency,Investigation & Research,A performance measure comparing useful output with the resource or input used for sample.,Teacher: 'Can you find or show sample efficiency in our garden?',Mini Table Garden
NV-0279,Nursery N1-N3,Sample Productivity,Investigation & Research,"A GrowMeal concept used to observe, describe, measure, analyze or manage sample productivity at the Nursery N1-N3 level.",Teacher: 'Can you find or show sample productivity in our garden?',Sack Garden
NV-0280,Nursery N1-N3,Treatment Condition,Garden Foundations,"A GrowMeal concept used to observe, describe, measure, analyze or manage treatment condition at the Nursery N1-N3 level.",Teacher: 'Can you find or show treatment condition in our garden?',Discovery Garden
NV-0281,Nursery N1-N3,Treatment Response,Garden Foundations,"A GrowMeal concept used to observe, describe, measure, analyze or manage treatment response at the Nursery N1-N3 level.",Teacher: 'Can you find or show treatment response in our garden?',Alphabet Garden
NV-0282,Nursery N1-N3,Treatment Measurement,Garden Foundations,"A GrowMeal concept used to observe, describe, measure, analyze or manage treatment measurement at the Nursery N1-N3 level.",Teacher: 'Can you find or show treatment measurement in our garden?',Number Garden
NV-0283,Nursery N1-N3,Treatment Record,Garden Foundations,"A GrowMeal concept used to observe, describe, measure, analyze or manage treatment record at the Nursery N1-N3 level.",Teacher: 'Can you find or show treatment record in our garden?',Geometry Garden
NV-0284,Nursery N1-N3,Treatment Indicator,Garden Foundations,"A GrowMeal concept used to observe, describe, measure, analyze or manage treatment indicator at the Nursery N1-N3 level.",Teacher: 'Can you find or show treatment indicator in our garden?',Leaf Garden
NV-0285,Nursery N1-N3,Treatment Value,Garden Foundations,"A GrowMeal concept used to observe, describe, measure, analyze or manage treatment value at the Nursery N1-N3 level.",Teacher: 'Can you find or show treatment value in our garden?',Butterfly Garden
NV-0286,Nursery N1-N3,Treatment Change,Garden Foundations,"A GrowMeal concept used to observe, describe, measure, analyze or manage treatment change at the Nursery N1-N3 level.",Teacher: 'Can you find or show treatment change in our garden?',ReBottle Garden
NV-0287,Nursery N1-N3,Treatment Pattern,Garden Foundations,"A GrowMeal concept used to observe, describe, measure, analyze or manage treatment pattern at the Nursery N1-N3 level.",Teacher: 'Can you find or show treatment pattern in our garden?',MicroGrow Garden
NV-0288,Nursery N1-N3,Treatment Comparison,Garden Foundations,"A GrowMeal concept used to observe, describe, measure, analyze or manage treatment comparison at the Nursery N1-N3 level.",Teacher: 'Can you find or show treatment comparison in our garden?',Mini Table Garden
NV-0289,Nursery N1-N3,Treatment Distribution,Garden Foundations,"A GrowMeal concept used to observe, describe, measure, analyze or manage treatment distribution at the Nursery N1-N3 level.",Teacher: 'Can you find or show treatment distribution in our garden?',Sack Garden
NV-0290,Nursery N1-N3,Treatment Performance,Garden Foundations,"A GrowMeal concept used to observe, describe, measure, analyze or manage treatment performance at the Nursery N1-N3 level.",Teacher: 'Can you find or show treatment performance in our garden?',Discovery Garden
NV-0291,Nursery N1-N3,Treatment Quality,Garden Foundations,"A GrowMeal concept used to observe, describe, measure, analyze or manage treatment quality at the Nursery N1-N3 level.",Teacher: 'Can you find or show treatment quality in our garden?',Alphabet Garden
NV-0292,Nursery N1-N3,Treatment Status,Garden Foundations,"A GrowMeal concept used to observe, describe, measure, analyze or manage treatment status at the Nursery N1-N3 level.",Teacher: 'Can you find or show treatment status in our garden?',Number Garden
NV-0293,Nursery N1-N3,Treatment Management,Garden Foundations,"A GrowMeal concept used to observe, describe, measure, analyze or manage treatment management at the Nursery N1-N3 level.",Teacher: 'Can you find or show treatment management in our garden?',Geometry Garden
NV-0294,Nursery N1-N3,Treatment Requirement,Engineering & Decision,"A GrowMeal concept used to observe, describe, measure, analyze or manage treatment requirement at the Nursery N1-N3 level.",Teacher: 'Can you find or show treatment requirement in our garden?',Leaf Garden
NV-0295,Nursery N1-N3,Treatment Limit,Garden Foundations,"A GrowMeal concept used to observe, describe, measure, analyze or manage treatment limit at the Nursery N1-N3 level.",Teacher: 'Can you find or show treatment limit in our garden?',Butterfly Garden
NV-0296,Nursery N1-N3,Treatment Target,Garden Foundations,"A GrowMeal concept used to observe, describe, measure, analyze or manage treatment target at the Nursery N1-N3 level.",Teacher: 'Can you find or show treatment target in our garden?',ReBottle Garden
NV-0297,Nursery N1-N3,Treatment Threshold,Garden Foundations,"A GrowMeal concept used to observe, describe, measure, analyze or manage treatment threshold at the Nursery N1-N3 level.",Teacher: 'Can you find or show treatment threshold in our garden?',MicroGrow Garden
NV-0298,Nursery N1-N3,Treatment Efficiency,Garden Foundations,A performance measure comparing useful output with the resource or input used for treatment.,Teacher: 'Can you find or show treatment efficiency in our garden?',Mini Table Garden
NV-0299,Nursery N1-N3,Treatment Productivity,Garden Foundations,"A GrowMeal concept used to observe, describe, measure, analyze or manage treatment productivity at the Nursery N1-N3 level.",Teacher: 'Can you find or show treatment productivity in our garden?',Sack Garden
NV-0300,Nursery N1-N3,System Condition,Plant & Production,"A GrowMeal concept used to observe, describe, measure, analyze or manage system condition at the Nursery N1-N3 level.",Teacher: 'Can you find or show system condition in our garden?',Discovery Garden
